Height,Mass,Bust Circumference,Waist Circumference,Hip Circumference,B:W:H,B:H,W:H,B:W,B-H,W-H,B-W,BMI,BSI,Feet,AA,A,B,C,D,DD,E,DDD,F,DDDD,G,H,I,J,K,L,M,N,O,P,Q,R,FF,30A,32A,34A,36A,38A,40A,30B,32B,34B,36B,38B,40B,30C,32C,34C,36C,38C,40C,30D,32D,34D,36D,38D,40D,34DD,32AA,36DD,32DD,38DDD,40DD,34FF,36E,38E,32F,38F,30G,Naturals or Implants
1.65,49.0,2.134,1.549,2.184,0.6308,1.3777,0.7092,0.9771,0.585,-0.635,-0.05,29.697,1.549,8.0,1,0,0,0,0,0,0,0,0,0,0,0,0,0,0,0,0,0,0,0,0,0,0,0,0,0,0,0,0,0,0,0,0,0,0,1,0,0,0,0,0,0,0,0,0,0,0,0,0,0,0,0,0,0,0,0,0,0,0,1
1.68,55.0,2.184,1.549,2.261,0.6236,1.4099,0.6851,0.9659,0.635,-0.712,-0.077,32.7381,1.549,7.0,0,0,1,0,0,0,0,0,0,0,0,0,0,0,0,0,0,0,0,0,0,0,0,0,0,0,0,0,0,0,0,0,0,0,0,0,1,0,0,0,0,0,0,0,0,0,0,0,0,0,0,0,0,0,0,0,0,0,0,1
1.65,57.0,2.261,1.486,2.261,0.6729,1.5215,0.6572,1.0,0.775,-0.775,0.0,34.5455,1.486,7.5,0,0,0,1,0,0,0,0,0,0,0,0,0,0,0,0,0,0,0,0,0,0,0,0,0,0,0,0,0,0,0,0,0,0,0,0,0,1,0,0,0,0,0,0,0,0,0,0,0,0,0,0,0,0,0,0,0,0,0,1
1.68,54.0,2.184,1.524,2.261,0.6338,1.4331,0.674,0.9659,0.66,-0.737,-0.077,32.1429,1.524,0.0,0,0,1,0,0,0,0,0,0,0,0,0,0,0,0,0,0,0,0,0,0,0,0,0,0,0,0,0,0,0,0,0,0,0,0,0,1,0,0,0,0,0,0,0,0,0,0,0,0,0,0,0,0,0,0,0,0,0,0,1
1.73,72.0,2.464,1.88,2.464,0.5319,1.3106,0.763,1.0,0.584,-0.584,0.0,41.6185,1.88,7.5,0,0,0,0,1,0,0,0,0,0,0,0,0,0,0,0,0,0,0,0,0,0,0,0,0,0,0,0,0,0,0,0,0,0,0,0,0,0,0,0,0,0,0,0,1,0,0,0,0,0,0,0,0,0,0,0,0,0,0,1
1.68,62.0,2.388,1.626,2.464,0.596,1.4686,0.6599,0.9692,0.762,-0.838,-0.076,36.9048,1.626,7.5,0,0,0,0,0,1,0,0,0,0,0,0,0,0,0,0,0,0,0,0,0,0,0,0,0,0,0,0,0,0,0,0,0,0,0,0,0,0,0,1,0,0,0,0,0,0,0,0,0,0,0,0,0,0,0,0,0,0,0,0
1.79,68.0,2.388,1.753,2.388,0.5704,1.3622,0.7341,1.0,0.635,-0.635,0.0,37.9888,1.753,8.5,0,0,0,1,0,0,0,0,0,0,0,0,0,0,0,0,0,0,0,0,0,0,0,0,0,0,0,0,0,0,0,0,0,0,0,0,0,0,0,0,0,0,0,1,0,0,0,0,0,0,0,0,0,0,0,0,0,0,0,1
1.6,55.0,2.261,1.524,2.261,0.6562,1.4836,0.674,1.0,0.737,-0.737,0.0,34.375,1.524,0.0,0,0,0,1,0,0,0,0,0,0,0,0,0,0,0,0,0,0,0,0,0,0,0,0,0,0,0,0,0,0,0,0,0,0,0,0,0,1,0,0,0,0,0,0,0,0,0,0,0,0,0,0,0,0,0,0,0,0,0,1
1.68,66.0,2.388,1.676,2.464,0.5782,1.4248,0.6802,0.9692,0.712,-0.788,-0.076,39.2857,1.676,10.0,0,0,0,1,0,0,0,0,0,0,0,0,0,0,0,0,0,0,0,0,0,0,0,0,0,0,0,0,0,0,0,0,0,0,0,0,0,0,0,0,0,0,0,1,0,0,0,0,0,0,0,0,0,0,0,0,0,0,0,1
1.65,56.0,2.184,1.549,2.261,0.6236,1.4099,0.6851,0.9659,0.635,-0.712,-0.077,33.9394,1.549,8.0,0,0,1,0,0,0,0,0,0,0,0,0,0,0,0,0,0,0,0,0,0,0,0,0,0,0,0,0,0,0,0,0,0,0,0,0,1,0,0,0,0,0,0,0,0,0,0,0,0,0,0,0,0,0,0,0,0,0,0,1
1.65,49.0,2.134,1.549,2.184,0.6308,1.3777,0.7092,0.9771,0.585,-0.635,-0.05,29.697,1.549,8.0,1,0,0,0,0,0,0,0,0,0,0,0,0,0,0,0,0,0,0,0,0,0,0,0,0,0,0,0,0,0,0,0,0,0,0,1,0,0,0,0,0,0,0,0,0,0,0,0,0,0,0,0,0,0,0,0,0,0,0,1
1.68,55.0,2.184,1.549,2.261,0.6236,1.4099,0.6851,0.9659,0.635,-0.712,-0.077,32.7381,1.549,7.0,0,0,1,0,0,0,0,0,0,0,0,0,0,0,0,0,0,0,0,0,0,0,0,0,0,0,0,0,0,0,0,0,0,0,0,0,1,0,0,0,0,0,0,0,0,0,0,0,0,0,0,0,0,0,0,0,0,0,0,1
1.65,57.0,2.261,1.486,2.261,0.6729,1.5215,0.6572,1.0,0.775,-0.775,0.0,34.5455,1.486,7.5,0,0,0,1,0,0,0,0,0,0,0,0,0,0,0,0,0,0,0,0,0,0,0,0,0,0,0,0,0,0,0,0,0,0,0,0,0,1,0,0,0,0,0,0,0,0,0,0,0,0,0,0,0,0,0,0,0,0,0,1
1.68,54.0,2.184,1.524,2.261,0.6338,1.4331,0.674,0.9659,0.66,-0.737,-0.077,32.1429,1.524,0.0,0,0,1,0,0,0,0,0,0,0,0,0,0,0,0,0,0,0,0,0,0,0,0,0,0,0,0,0,0,0,0,0,0,0,0,0,1,0,0,0,0,0,0,0,0,0,0,0,0,0,0,0,0,0,0,0,0,0,0,1
1.73,72.0,2.464,1.88,2.464,0.5319,1.3106,0.763,1.0,0.584,-0.584,0.0,41.6185,1.88,7.5,0,0,0,0,1,0,0,0,0,0,0,0,0,0,0,0,0,0,0,0,0,0,0,0,0,0,0,0,0,0,0,0,0,0,0,0,0,0,0,0,0,0,0,0,1,0,0,0,0,0,0,0,0,0,0,0,0,0,0,1
1.68,62.0,2.388,1.626,2.464,0.596,1.4686,0.6599,0.9692,0.762,-0.838,-0.076,36.9048,1.626,7.5,0,0,0,0,0,1,0,0,0,0,0,0,0,0,0,0,0,0,0,0,0,0,0,0,0,0,0,0,0,0,0,0,0,0,0,0,0,0,0,1,0,0,0,0,0,0,0,0,0,0,0,0,0,0,0,0,0,0,0,0
1.79,68.0,2.388,1.753,2.388,0.5704,1.3622,0.7341,1.0,0.635,-0.635,0.0,37.9888,1.753,8.5,0,0,0,1,0,0,0,0,0,0,0,0,0,0,0,0,0,0,0,0,0,0,0,0,0,0,0,0,0,0,0,0,0,0,0,0,0,0,0,0,0,0,0,1,0,0,0,0,0,0,0,0,0,0,0,0,0,0,0,1
1.6,55.0,2.261,1.524,2.261,0.6562,1.4836,0.674,1.0,0.737,-0.737,0.0,34.375,1.524,0.0,0,0,0,1,0,0,0,0,0,0,0,0,0,0,0,0,0,0,0,0,0,0,0,0,0,0,0,0,0,0,0,0,0,0,0,0,0,1,0,0,0,0,0,0,0,0,0,0,0,0,0,0,0,0,0,0,0,0,0,1
1.68,66.0,2.388,1.676,2.464,0.5782,1.4248,0.6802,0.9692,0.712,-0.788,-0.076,39.2857,1.676,10.0,0,0,0,1,0,0,0,0,0,0,0,0,0,0,0,0,0,0,0,0,0,0,0,0,0,0,0,0,0,0,0,0,0,0,0,0,0,0,0,0,0,0,0,1,0,0,0,0,0,0,0,0,0,0,0,0,0,0,0,1
1.65,56.0,2.184,1.549,2.261,0.6236,1.4099,0.6851,0.9659,0.635,-0.712,-0.077,33.9394,1.549,8.0,0,0,1,0,0,0,0,0,0,0,0,0,0,0,0,0,0,0,0,0,0,0,0,0,0,0,0,0,0,0,0,0,0,0,0,0,1,0,0,0,0,0,0,0,0,0,0,0,0,0,0,0,0,0,0,0,0,0,0,1
1.6,56.0,2.261,1.524,2.184,0.6793,1.4836,0.6978,1.0353,0.737,-0.66,0.077,35.0,1.524,7.5,0,0,0,1,0,0,0,0,0,0,0,0,0,0,0,0,0,0,0,0,0,0,0,0,0,0,0,0,0,0,0,0,0,0,0,0,0,1,0,0,0,0,0,0,0,0,0,0,0,0,0,0,0,0,0,0,0,0,0,0
1.68,80.0,2.464,2.007,2.591,0.4738,1.2277,0.7746,0.951,0.457,-0.584,-0.127,47.619,2.007,0.0,0,0,0,0,1,0,0,0,0,0,0,0,0,0,0,0,0,0,0,0,0,0,0,0,0,0,0,0,0,0,0,0,0,0,0,0,0,0,0,0,0,0,0,0,1,0,0,0,0,0,0,0,0,0,0,0,0,0,0,1
1.68,52.0,2.184,1.524,2.261,0.6338,1.4331,0.674,0.9659,0.66,-0.737,-0.077,30.9524,1.524,8.0,0,0,1,0,0,0,0,0,0,0,0,0,0,0,0,0,0,0,0,0,0,0,0,0,0,0,0,0,0,0,0,0,0,0,0,0,1,0,0,0,0,0,0,0,0,0,0,0,0,0,0,0,0,0,0,0,0,0,0,1
1.75,57.0,2.184,1.549,2.311,0.6101,1.4099,0.6703,0.945,0.635,-0.762,-0.127,32.5714,1.549,8.0,0,0,1,0,0,0,0,0,0,0,0,0,0,0,0,0,0,0,0,0,0,0,0,0,0,0,0,0,0,0,0,0,0,0,0,0,1,0,0,0,0,0,0,0,0,0,0,0,0,0,0,0,0,0,0,0,0,0,0,1
1.55,54.0,2.311,1.626,2.311,0.615,1.4213,0.7036,1.0,0.685,-0.685,0.0,34.8387,1.626,8.0,0,0,0,1,0,0,0,0,0,0,0,0,0,0,0,0,0,0,0,0,0,0,0,0,0,0,0,0,0,0,0,0,0,0,0,0,0,1,0,0,0,0,0,0,0,0,0,0,0,0,0,0,0,0,0,0,0,0,0,1
1.7,58.0,2.311,1.549,2.311,0.6456,1.4919,0.6703,1.0,0.762,-0.762,0.0,34.1176,1.549,8.5,0,0,0,1,0,0,0,0,0,0,0,0,0,0,0,0,0,0,0,0,0,0,0,0,0,0,0,0,0,0,0,0,0,0,0,0,0,1,0,0,0,0,0,0,0,0,0,0,0,0,0,0,0,0,0,0,0,0,0,1
1.65,62.0,2.388,1.676,2.464,0.5782,1.4248,0.6802,0.9692,0.712,-0.788,-0.076,37.5758,1.676,0.0,0,0,0,0,1,0,0,0,0,0,0,0,0,0,0,0,0,0,0,0,0,0,0,0,0,0,0,0,0,0,0,0,0,0,0,0,0,0,1,0,0,0,0,0,0,0,0,0,0,0,0,0,0,0,0,0,0,0,0,1
1.63,53.0,2.261,1.626,2.311,0.6017,1.3905,0.7036,0.9784,0.635,-0.685,-0.05,32.5153,1.626,7.5,0,0,1,0,0,0,0,0,0,0,0,0,0,0,0,0,0,0,0,0,0,0,0,0,0,0,0,0,0,0,0,0,0,0,0,0,1,0,0,0,0,0,0,0,0,0,0,0,0,0,0,0,0,0,0,0,0,0,0,1
1.63,58.0,2.311,1.626,2.388,0.5952,1.4213,0.6809,0.9678,0.685,-0.762,-0.077,35.5828,1.626,8.0,0,0,0,0,1,0,0,0,0,0,0,0,0,0,0,0,0,0,0,0,0,0,0,0,0,0,0,0,0,0,0,0,0,0,0,0,0,0,1,0,0,0,0,0,0,0,0,0,0,0,0,0,0,0,0,0,0,0,0,1
1.65,59.0,2.184,1.626,2.388,0.5625,1.3432,0.6809,0.9146,0.558,-0.762,-0.204,35.7576,1.626,6.0,0,0,1,0,0,0,0,0,0,0,0,0,0,0,0,0,0,0,0,0,0,0,0,0,0,0,0,0,0,0,0,0,0,0,0,0,1,0,0,0,0,0,0,0,0,0,0,0,0,0,0,0,0,0,0,0,0,0,0,1
1.62,57.0,2.261,1.549,2.261,0.6456,1.4597,0.6851,1.0,0.712,-0.712,0.0,35.1852,1.549,8.0,0,0,0,1,0,0,0,0,0,0,0,0,0,0,0,0,0,0,0,0,0,0,0,0,0,0,0,0,0,0,0,0,0,0,0,0,0,1,0,0,0,0,0,0,0,0,0,0,0,0,0,0,0,0,0,0,0,0,0,1
1.63,54.0,2.184,1.549,2.311,0.6101,1.4099,0.6703,0.945,0.635,-0.762,-0.127,33.1288,1.549,7.0,0,0,1,0,0,0,0,0,0,0,0,0,0,0,0,0,0,0,0,0,0,0,0,0,0,0,0,0,0,0,1,0,0,0,0,0,0,0,0,0,0,0,0,0,0,0,0,0,0,0,0,0,0,0,0,0,0,0,0,1
1.63,53.0,2.184,1.549,2.311,0.6101,1.4099,0.6703,0.945,0.635,-0.762,-0.127,32.5153,1.549,0.0,0,0,1,0,0,0,0,0,0,0,0,0,0,0,0,0,0,0,0,0,0,0,0,0,0,0,0,0,0,0,1,0,0,0,0,0,0,0,0,0,0,0,0,0,0,0,0,0,0,0,0,0,0,0,0,0,0,0,0,1
1.52,50.0,2.261,1.626,2.311,0.6017,1.3905,0.7036,0.9784,0.635,-0.685,-0.05,32.8947,1.626,6.5,0,0,0,1,0,0,0,0,0,0,0,0,0,0,0,0,0,0,0,0,0,0,0,0,0,0,0,0,0,0,0,1,0,0,0,0,0,0,0,0,0,0,0,0,0,0,0,0,0,0,0,0,0,0,0,0,0,0,0,1
1.63,75.0,2.515,2.057,2.591,0.4719,1.2227,0.7939,0.9707,0.458,-0.534,-0.076,46.0123,2.057,9.0,0,0,0,1,0,0,0,0,0,0,0,0,0,0,0,0,0,0,0,0,0,0,0,0,0,0,0,0,0,0,0,0,0,0,0,0,0,0,0,0,0,0,0,1,0,0,0,0,0,0,0,0,0,0,0,0,0,0,0,1
1.57,59.0,2.515,1.626,2.515,0.615,1.5467,0.6465,1.0,0.889,-0.889,0.0,37.5796,1.626,7.5,0,0,0,0,0,1,0,0,0,0,0,0,0,0,0,0,0,0,0,0,0,0,0,0,0,0,0,0,0,0,0,0,0,0,0,0,0,0,0,1,0,0,0,0,0,0,0,0,0,0,0,0,0,0,0,0,0,0,0,0
1.65,58.0,2.311,1.549,2.311,0.6456,1.4919,0.6703,1.0,0.762,-0.762,0.0,35.1515,1.549,8.0,0,0,1,0,0,0,0,0,0,0,0,0,0,0,0,0,0,0,0,0,0,0,0,0,0,0,0,0,0,0,0,0,0,0,0,0,1,0,0,0,0,0,0,0,0,0,0,0,0,0,0,0,0,0,0,0,0,0,0,1
1.6,52.0,2.134,1.626,2.184,0.6009,1.3124,0.7445,0.9771,0.508,-0.558,-0.05,32.5,1.626,6.5,1,0,0,0,0,0,0,0,0,0,0,0,0,0,0,0,0,0,0,0,0,0,0,0,0,0,0,0,1,0,0,0,0,0,0,0,0,0,0,0,0,0,0,0,0,0,0,0,0,0,0,0,0,0,0,0,0,0,0,1
1.57,54.0,2.184,1.626,2.311,0.5812,1.3432,0.7036,0.945,0.558,-0.685,-0.127,34.3949,1.626,7.5,0,0,1,0,0,0,0,0,0,0,0,0,0,0,0,0,0,0,0,0,0,0,0,0,0,0,0,0,0,0,1,0,0,0,0,0,0,0,0,0,0,0,0,0,0,0,0,0,0,0,0,0,0,0,0,0,0,0,0,1
1.68,58.0,2.184,1.499,2.464,0.5913,1.457,0.6084,0.8864,0.685,-0.965,-0.28,34.5238,1.499,0.0,0,0,1,0,0,0,0,0,0,0,0,0,0,0,0,0,0,0,0,0,0,0,0,0,0,0,0,0,0,0,1,0,0,0,0,0,0,0,0,0,0,0,0,0,0,0,0,0,0,0,0,0,0,0,0,0,0,0,0,1
1.63,55.0,2.261,1.676,2.311,0.5837,1.349,0.7252,0.9784,0.585,-0.635,-0.05,33.7423,1.676,8.0,1,0,0,0,0,0,0,0,0,0,0,0,0,0,0,0,0,0,0,0,0,0,0,0,0,0,0,0,0,0,0,0,0,0,0,1,0,0,0,0,0,0,0,0,0,0,0,0,0,0,0,0,0,0,0,0,0,0,0,1
1.63,63.0,2.388,1.753,2.388,0.5704,1.3622,0.7341,1.0,0.635,-0.635,0.0,38.6503,1.753,6.5,0,0,0,1,0,0,0,0,0,0,0,0,0,0,0,0,0,0,0,0,0,0,0,0,0,0,0,0,0,0,0,0,0,0,0,0,0,1,0,0,0,0,0,0,0,0,0,0,0,0,0,0,0,0,0,0,0,0,0,1
1.57,57.0,2.388,1.753,2.388,0.5704,1.3622,0.7341,1.0,0.635,-0.635,0.0,36.3057,1.753,8.0,0,0,0,0,0,1,0,0,0,0,0,0,0,0,0,0,0,0,0,0,0,0,0,0,0,0,0,0,0,0,0,0,0,1,0,0,0,0,0,0,0,0,0,0,0,0,0,0,0,0,0,0,0,0,0,0,0,0,0,1
1.66,53.0,2.311,1.626,2.311,0.615,1.4213,0.7036,1.0,0.685,-0.685,0.0,31.9277,1.626,6.5,0,0,1,0,0,0,0,0,0,0,0,0,0,0,0,0,0,0,0,0,0,0,0,0,0,0,0,0,0,0,0,0,0,0,0,0,1,0,0,0,0,0,0,0,0,0,0,0,0,0,0,0,0,0,0,0,0,0,0,1
1.6,48.0,2.134,1.626,2.261,0.5805,1.3124,0.7192,0.9438,0.508,-0.635,-0.127,30.0,1.626,8.5,1,0,0,0,0,0,0,0,0,0,0,0,0,0,0,0,0,0,0,0,0,0,0,0,0,0,0,0,1,0,0,0,0,0,0,0,0,0,0,0,0,0,0,0,0,0,0,0,0,0,0,0,0,0,0,0,0,0,0,1
1.57,49.0,2.261,1.549,2.261,0.6456,1.4597,0.6851,1.0,0.712,-0.712,0.0,31.2102,1.549,7.0,1,0,0,0,0,0,0,0,0,0,0,0,0,0,0,0,0,0,0,0,0,0,0,0,0,0,0,0,0,0,0,0,0,0,0,1,0,0,0,0,0,0,0,0,0,0,0,0,0,0,0,0,0,0,0,0,0,0,0,1
1.58,67.0,2.311,1.88,2.515,0.4888,1.2293,0.7475,0.9189,0.431,-0.635,-0.204,42.4051,1.88,8.0,0,0,1,0,0,0,0,0,0,0,0,0,0,0,0,0,0,0,0,0,0,0,0,0,0,0,0,0,0,0,0,0,0,0,0,0,1,0,0,0,0,0,0,0,0,0,0,0,0,0,0,0,0,0,0,0,0,0,0,1
1.73,65.0,2.311,1.676,2.388,0.5774,1.3789,0.7018,0.9678,0.635,-0.712,-0.077,37.5723,1.676,10.0,0,0,1,0,0,0,0,0,0,0,0,0,0,0,0,0,0,0,0,0,0,0,0,0,0,0,0,0,0,0,0,0,0,0,0,0,1,0,0,0,0,0,0,0,0,0,0,0,0,0,0,0,0,0,0,0,0,0,0,1
1.58,51.0,2.261,1.676,2.311,0.5837,1.349,0.7252,0.9784,0.585,-0.635,-0.05,32.2785,1.676,8.5,1,0,0,0,0,0,0,0,0,0,0,0,0,0,0,0,0,0,0,0,0,0,0,0,0,0,0,0,0,0,0,0,0,0,0,1,0,0,0,0,0,0,0,0,0,0,0,0,0,0,0,0,0,0,0,0,0,0,0,1
1.7,58.0,2.388,1.676,2.388,0.5966,1.4248,0.7018,1.0,0.712,-0.712,0.0,34.1176,1.676,7.5,0,0,0,1,0,0,0,0,0,0,0,0,0,0,0,0,0,0,0,0,0,0,0,0,0,0,0,0,0,0,0,0,0,0,0,0,0,1,0,0,0,0,0,0,0,0,0,0,0,0,0,0,0,0,0,0,0,0,0,1
1.7,56.0,2.261,1.549,2.261,0.6456,1.4597,0.6851,1.0,0.712,-0.712,0.0,32.9412,1.549,0.0,0,0,0,1,0,0,0,0,0,0,0,0,0,0,0,0,0,0,0,0,0,0,0,0,0,0,0,0,0,0,0,1,0,0,0,0,0,0,0,0,0,0,0,0,0,0,0,0,0,0,0,0,0,0,0,0,0,0,0,1
1.64,54.0,2.134,1.524,2.184,0.6412,1.4003,0.6978,0.9771,0.61,-0.66,-0.05,32.9268,1.524,8.0,1,0,0,0,0,0,0,0,0,0,0,0,0,0,0,0,0,0,0,0,0,0,0,0,0,0,0,0,1,0,0,0,0,0,0,0,0,0,0,0,0,0,0,0,0,0,0,0,0,0,0,0,0,0,0,0,0,0,0,1
1.64,62.0,2.388,1.803,2.464,0.5375,1.3245,0.7317,0.9692,0.585,-0.661,-0.076,37.8049,1.803,8.0,0,0,0,1,0,0,0,0,0,0,0,0,0,0,0,0,0,0,0,0,0,0,0,0,0,0,0,0,0,0,0,0,0,0,0,0,0,1,0,0,0,0,0,0,0,0,0,0,0,0,0,0,0,0,0,0,0,0,0,1
1.73,55.0,2.184,1.524,2.261,0.6338,1.4331,0.674,0.9659,0.66,-0.737,-0.077,31.7919,1.524,9.0,0,0,1,0,0,0,0,0,0,0,0,0,0,0,0,0,0,0,0,0,0,0,0,0,0,0,0,0,0,0,1,0,0,0,0,0,0,0,0,0,0,0,0,0,0,0,0,0,0,0,0,0,0,0,0,0,0,0,0,1
1.73,57.0,2.311,1.753,2.311,0.5704,1.3183,0.7585,1.0,0.558,-0.558,0.0,32.948,1.753,8.0,0,0,1,0,0,0,0,0,0,0,0,0,0,0,0,0,0,0,0,0,0,0,0,0,0,0,0,0,0,0,0,0,0,0,0,0,1,0,0,0,0,0,0,0,0,0,0,0,0,0,0,0,0,0,0,0,0,0,0,1
1.68,57.0,2.261,1.549,2.261,0.6456,1.4597,0.6851,1.0,0.712,-0.712,0.0,33.9286,1.549,8.0,1,0,0,0,0,0,0,0,0,0,0,0,0,0,0,0,0,0,0,0,0,0,0,0,0,0,0,0,0,0,0,0,0,0,0,1,0,0,0,0,0,0,0,0,0,0,0,0,0,0,0,0,0,0,0,0,0,0,0,1
1.65,54.0,2.311,1.549,2.311,0.6456,1.4919,0.6703,1.0,0.762,-0.762,0.0,32.7273,1.549,8.5,0,0,1,0,0,0,0,0,0,0,0,0,0,0,0,0,0,0,0,0,0,0,0,0,0,0,0,0,0,0,0,0,0,0,0,0,1,0,0,0,0,0,0,0,0,0,0,0,0,0,0,0,0,0,0,0,0,0,0,1
1.7,66.0,2.464,1.803,2.464,0.5546,1.3666,0.7317,1.0,0.661,-0.661,0.0,38.8235,1.803,7.0,0,0,0,0,1,0,0,0,0,0,0,0,0,0,0,0,0,0,0,0,0,0,0,0,0,0,0,0,0,0,0,0,0,0,0,0,0,0,1,0,0,0,0,0,0,0,0,0,0,0,0,0,0,0,0,0,0,0,0,1
1.55,49.0,2.184,1.473,2.184,0.6789,1.4827,0.6745,1.0,0.711,-0.711,0.0,31.6129,1.473,8.5,0,0,1,0,0,0,0,0,0,0,0,0,0,0,0,0,0,0,0,0,0,0,0,0,0,0,0,0,0,0,1,0,0,0,0,0,0,0,0,0,0,0,0,0,0,0,0,0,0,0,0,0,0,0,0,0,0,0,0,1
1.6,64.0,2.464,1.803,2.388,0.5723,1.3666,0.755,1.0318,0.661,-0.585,0.076,40.0,1.803,0.0,0,0,0,0,1,0,0,0,0,0,0,0,0,0,0,0,0,0,0,0,0,0,0,0,0,0,0,0,0,0,0,0,0,0,0,0,0,0,1,0,0,0,0,0,0,0,0,0,0,0,0,0,0,0,0,0,0,0,0,1
1.57,48.0,2.057,1.473,2.184,0.6394,1.3965,0.6745,0.9418,0.584,-0.711,-0.127,30.5732,1.473,10.0,0,1,0,0,0,0,0,0,0,0,0,0,0,0,0,0,0,0,0,0,0,0,0,0,0,0,0,0,0,1,0,0,0,0,0,0,0,0,0,0,0,0,0,0,0,0,0,0,0,0,0,0,0,0,0,0,0,0,0,1
1.68,66.0,2.388,1.803,2.464,0.5375,1.3245,0.7317,0.9692,0.585,-0.661,-0.076,39.2857,1.803,9.0,0,0,0,1,0,0,0,0,0,0,0,0,0,0,0,0,0,0,0,0,0,0,0,0,0,0,0,0,0,0,0,0,0,0,0,0,0,1,0,0,0,0,0,0,0,0,0,0,0,0,0,0,0,0,0,0,0,0,0,1
1.7,61.0,2.311,1.753,2.464,0.535,1.3183,0.7114,0.9379,0.558,-0.711,-0.153,35.8824,1.753,7.5,0,0,1,0,0,0,0,0,0,0,0,0,0,0,0,0,0,0,0,0,0,0,0,0,0,0,0,0,0,0,0,0,0,0,0,0,1,0,0,0,0,0,0,0,0,0,0,0,0,0,0,0,0,0,0,0,0,0,0,1
1.52,77.0,2.642,2.134,2.591,0.4778,1.2381,0.8236,1.0197,0.508,-0.457,0.051,50.6579,2.134,7.0,0,0,0,0,0,1,0,0,0,0,0,0,0,0,0,0,0,0,0,0,0,0,0,0,0,0,0,0,0,0,0,0,0,0,0,0,0,0,0,0,0,0,0,0,0,1,0,0,0,0,0,0,0,0,0,0,0,0,0,1
1.73,58.0,2.388,1.676,2.464,0.5782,1.4248,0.6802,0.9692,0.712,-0.788,-0.076,33.526,1.676,7.0,0,0,0,1,0,0,0,0,0,0,0,0,0,0,0,0,0,0,0,0,0,0,0,0,0,0,0,0,0,0,0,0,0,0,0,0,0,1,0,0,0,0,0,0,0,0,0,0,0,0,0,0,0,0,0,0,0,0,0,1
1.65,56.0,2.311,1.626,2.311,0.615,1.4213,0.7036,1.0,0.685,-0.685,0.0,33.9394,1.626,6.5,0,0,1,0,0,0,0,0,0,0,0,0,0,0,0,0,0,0,0,0,0,0,0,0,0,0,0,0,0,0,0,0,0,0,0,0,0,1,0,0,0,0,0,0,0,0,0,0,0,0,0,0,0,0,0,0,0,0,0,1
1.55,45.0,2.057,1.549,2.184,0.6081,1.328,0.7092,0.9418,0.508,-0.635,-0.127,29.0323,1.549,6.0,0,0,1,0,0,0,0,0,0,0,0,0,0,0,0,0,0,0,0,0,0,0,0,0,1,0,0,0,0,0,0,0,0,0,0,0,0,0,0,0,0,0,0,0,0,0,0,0,0,0,0,0,0,0,0,0,0,0,0,1
1.58,86.0,2.515,2.134,2.642,0.4461,1.1785,0.8077,0.9519,0.381,-0.508,-0.127,54.4304,2.134,6.0,0,0,0,1,0,0,0,0,0,0,0,0,0,0,0,0,0,0,0,0,0,0,0,0,0,0,0,0,0,0,0,0,0,0,0,0,0,0,0,0,0,0,0,1,0,0,0,0,0,0,0,0,0,0,0,0,0,0,0,1
1.6,75.0,2.591,2.057,2.591,0.4861,1.2596,0.7939,1.0,0.534,-0.534,0.0,46.875,2.057,8.0,0,0,0,0,1,0,0,0,0,0,0,0,0,0,0,0,0,0,0,0,0,0,0,0,0,0,0,0,0,0,0,0,0,0,0,0,0,0,0,0,0,0,0,0,1,0,0,0,0,0,0,0,0,0,0,0,0,0,0,1
1.63,62.0,2.464,1.676,2.388,0.6157,1.4702,0.7018,1.0318,0.788,-0.712,0.076,38.0368,1.676,8.0,0,0,0,0,1,0,0,0,0,0,0,0,0,0,0,0,0,0,0,0,0,0,0,0,0,0,0,0,0,0,0,0,0,0,0,0,0,0,1,0,0,0,0,0,0,0,0,0,0,0,0,0,0,0,0,0,0,0,0,1
1.73,63.0,2.311,1.626,2.515,0.5651,1.4213,0.6465,0.9189,0.685,-0.889,-0.204,36.4162,1.626,10.0,0,0,1,0,0,0,0,0,0,0,0,0,0,0,0,0,0,0,0,0,0,0,0,0,0,0,0,0,0,0,0,0,0,0,0,0,1,0,0,0,0,0,0,0,0,0,0,0,0,0,0,0,0,0,0,0,0,0,0,1
1.7,58.0,2.388,1.676,2.388,0.5966,1.4248,0.7018,1.0,0.712,-0.712,0.0,34.1176,1.676,7.0,0,0,0,1,0,0,0,0,0,0,0,0,0,0,0,0,0,0,0,0,0,0,0,0,0,0,0,0,0,0,0,0,0,0,0,0,0,1,0,0,0,0,0,0,0,0,0,0,0,0,0,0,0,0,0,0,0,0,0,0
1.73,62.0,2.388,1.676,2.388,0.5966,1.4248,0.7018,1.0,0.712,-0.712,0.0,35.8382,1.676,8.5,0,0,0,1,0,0,0,0,0,0,0,0,0,0,0,0,0,0,0,0,0,0,0,0,0,0,0,0,0,0,0,0,0,0,0,0,0,1,0,0,0,0,0,0,0,0,0,0,0,0,0,0,0,0,0,0,0,0,0,1
1.63,58.0,2.311,1.676,2.388,0.5774,1.3789,0.7018,0.9678,0.635,-0.712,-0.077,35.5828,1.676,7.0,0,0,1,0,0,0,0,0,0,0,0,0,0,0,0,0,0,0,0,0,0,0,0,0,0,0,0,0,0,0,0,0,0,0,0,0,1,0,0,0,0,0,0,0,0,0,0,0,0,0,0,0,0,0,0,0,0,0,0,1
1.75,60.0,2.184,1.549,2.184,0.6456,1.4099,0.7092,1.0,0.635,-0.635,0.0,34.2857,1.549,0.0,0,0,1,0,0,0,0,0,0,0,0,0,0,0,0,0,0,0,0,0,0,0,0,0,0,0,0,0,0,0,1,0,0,0,0,0,0,0,0,0,0,0,0,0,0,0,0,0,0,0,0,0,0,0,0,0,0,0,0,1
1.52,40.0,2.057,1.473,2.134,0.6544,1.3965,0.6903,0.9639,0.584,-0.661,-0.077,26.3158,1.473,6.0,0,1,0,0,0,0,0,0,0,0,0,0,0,0,0,0,0,0,0,0,0,0,0,0,0,0,0,0,0,1,0,0,0,0,0,0,0,0,0,0,0,0,0,0,0,0,0,0,0,0,0,0,0,0,0,0,0,0,0,1
1.68,62.0,2.311,1.676,2.388,0.5774,1.3789,0.7018,0.9678,0.635,-0.712,-0.077,36.9048,1.676,7.5,0,0,1,0,0,0,0,0,0,0,0,0,0,0,0,0,0,0,0,0,0,0,0,0,0,0,0,0,0,0,0,0,0,0,0,0,1,0,0,0,0,0,0,0,0,0,0,0,0,0,0,0,0,0,0,0,0,0,0,1
1.63,50.0,2.134,1.473,2.261,0.6407,1.4487,0.6515,0.9438,0.661,-0.788,-0.127,30.6748,1.473,6.5,1,0,0,0,0,0,0,0,0,0,0,0,0,0,0,0,0,0,0,0,0,0,0,0,0,0,0,0,1,0,0,0,0,0,0,0,0,0,0,0,0,0,0,0,0,0,0,0,0,0,0,0,0,0,0,0,0,0,0,1
1.7,68.0,2.388,1.803,2.464,0.5375,1.3245,0.7317,0.9692,0.585,-0.661,-0.076,40.0,1.803,6.5,1,0,0,0,0,0,0,0,0,0,0,0,0,0,0,0,0,0,0,0,0,0,0,0,0,0,0,0,0,0,0,0,0,0,0,0,0,0,0,0,0,1,0,0,0,0,0,0,0,0,0,0,0,0,0,0,0,0,0,1
1.75,79.0,2.515,1.93,2.591,0.5029,1.3031,0.7449,0.9707,0.585,-0.661,-0.076,45.1429,1.93,0.0,0,0,0,1,0,0,0,0,0,0,0,0,0,0,0,0,0,0,0,0,0,0,0,0,0,0,0,0,0,0,0,0,0,0,0,0,0,0,0,0,0,0,0,1,0,0,0,0,0,0,0,0,0,0,0,0,0,0,0,1
1.63,51.0,2.184,1.473,2.261,0.6558,1.4827,0.6515,0.9659,0.711,-0.788,-0.077,31.2883,1.473,6.0,0,0,1,0,0,0,0,0,0,0,0,0,0,0,0,0,0,0,0,0,0,0,0,0,0,0,0,0,0,0,1,0,0,0,0,0,0,0,0,0,0,0,0,0,0,0,0,0,0,0,0,0,0,0,0,0,0,0,0,1
1.55,52.0,2.134,1.473,2.261,0.6407,1.4487,0.6515,0.9438,0.661,-0.788,-0.127,33.5484,1.473,8.0,1,0,0,0,0,0,0,0,0,0,0,0,0,0,0,0,0,0,0,0,0,0,0,0,0,0,0,0,1,0,0,0,0,0,0,0,0,0,0,0,0,0,0,0,0,0,0,0,0,0,0,0,0,0,0,0,0,0,0,1
1.65,58.0,2.388,1.676,2.311,0.6165,1.4248,0.7252,1.0333,0.712,-0.635,0.077,35.1515,1.676,8.0,0,0,0,1,0,0,0,0,0,0,0,0,0,0,0,0,0,0,0,0,0,0,0,0,0,0,0,0,0,0,0,0,0,0,0,0,0,1,0,0,0,0,0,0,0,0,0,0,0,0,0,0,0,0,0,0,0,0,0,1
1.68,58.0,2.464,1.626,2.464,0.615,1.5154,0.6599,1.0,0.838,-0.838,0.0,34.5238,1.626,8.0,0,0,1,0,0,0,0,0,0,0,0,0,0,0,0,0,0,0,0,0,0,0,0,0,0,0,0,0,0,0,0,0,0,0,0,0,1,0,0,0,0,0,0,0,0,0,0,0,0,0,0,0,0,0,0,0,0,0,0,1
1.52,51.0,2.184,1.626,2.261,0.5941,1.3432,0.7192,0.9659,0.558,-0.635,-0.077,33.5526,1.626,6.0,1,0,0,0,0,0,0,0,0,0,0,0,0,0,0,0,0,0,0,0,0,0,0,0,0,0,0,0,0,0,0,0,0,0,0,1,0,0,0,0,0,0,0,0,0,0,0,0,0,0,0,0,0,0,0,0,0,0,0,1
1.65,63.0,2.261,1.549,2.591,0.5634,1.4597,0.5978,0.8726,0.712,-1.042,-0.33,38.1818,1.549,7.5,0,0,0,1,0,0,0,0,0,0,0,0,0,0,0,0,0,0,0,0,0,0,0,0,0,0,0,0,0,0,0,1,0,0,0,0,0,0,0,0,0,0,0,0,0,0,0,0,0,0,0,0,0,0,0,0,0,0,0,1
1.6,60.0,2.184,1.753,2.261,0.551,1.2459,0.7753,0.9659,0.431,-0.508,-0.077,37.5,1.753,10.0,0,0,1,0,0,0,0,0,0,0,0,0,0,0,0,0,0,0,0,0,0,0,0,0,0,0,0,0,0,0,0,0,0,0,0,0,1,0,0,0,0,0,0,0,0,0,0,0,0,0,0,0,0,0,0,0,0,0,0,1
1.6,64.0,2.184,1.473,2.464,0.6017,1.4827,0.5978,0.8864,0.711,-0.991,-0.28,40.0,1.473,7.0,0,0,1,0,0,0,0,0,0,0,0,0,0,0,0,0,0,0,0,0,0,0,0,0,0,0,0,0,0,0,1,0,0,0,0,0,0,0,0,0,0,0,0,0,0,0,0,0,0,0,0,0,0,0,0,0,0,0,0,1
1.61,61.0,2.311,1.753,2.388,0.5521,1.3183,0.7341,0.9678,0.558,-0.635,-0.077,37.8882,1.753,7.0,0,0,1,0,0,0,0,0,0,0,0,0,0,0,0,0,0,0,0,0,0,0,0,0,0,0,0,0,0,0,0,0,0,0,0,0,1,0,0,0,0,0,0,0,0,0,0,0,0,0,0,0,0,0,0,0,0,0,0,1
1.63,58.0,2.388,1.676,2.464,0.5782,1.4248,0.6802,0.9692,0.712,-0.788,-0.076,35.5828,1.676,9.0,0,0,0,1,0,0,0,0,0,0,0,0,0,0,0,0,0,0,0,0,0,0,0,0,0,0,0,0,0,0,0,0,0,0,0,0,0,1,0,0,0,0,0,0,0,0,0,0,0,0,0,0,0,0,0,0,0,0,0,1
1.63,55.0,2.261,1.549,2.261,0.6456,1.4597,0.6851,1.0,0.712,-0.712,0.0,33.7423,1.549,7.0,1,0,0,0,0,0,0,0,0,0,0,0,0,0,0,0,0,0,0,0,0,0,0,0,0,0,0,0,0,0,0,0,0,0,0,1,0,0,0,0,0,0,0,0,0,0,0,0,0,0,0,0,0,0,0,0,0,0,0,1
1.6,58.0,2.464,1.473,2.311,0.7238,1.6728,0.6374,1.0662,0.991,-0.838,0.153,36.25,1.473,6.5,0,0,0,0,1,0,0,0,0,0,0,0,0,0,0,0,0,0,0,0,0,0,0,0,0,0,0,0,0,0,0,0,0,0,0,0,0,0,1,0,0,0,0,0,0,0,0,0,0,0,0,0,0,0,0,0,0,0,0,1
1.6,63.0,2.464,1.676,2.388,0.6157,1.4702,0.7018,1.0318,0.788,-0.712,0.076,39.375,1.676,7.0,0,0,0,0,1,0,0,0,0,0,0,0,0,0,0,0,0,0,0,0,0,0,0,0,0,0,0,0,0,0,0,0,0,0,0,0,0,0,1,0,0,0,0,0,0,0,0,0,0,0,0,0,0,0,0,0,0,0,0,1
1.57,56.0,2.388,1.676,2.388,0.5966,1.4248,0.7018,1.0,0.712,-0.712,0.0,35.6688,1.676,8.0,0,0,0,1,0,0,0,0,0,0,0,0,0,0,0,0,0,0,0,0,0,0,0,0,0,0,0,0,0,0,0,0,0,0,0,0,0,1,0,0,0,0,0,0,0,0,0,0,0,0,0,0,0,0,0,0,0,0,0,1
1.56,57.0,2.311,1.753,2.311,0.5704,1.3183,0.7585,1.0,0.558,-0.558,0.0,36.5385,1.753,8.0,0,0,1,0,0,0,0,0,0,0,0,0,0,0,0,0,0,0,0,0,0,0,0,0,0,0,0,0,0,0,0,0,0,0,0,0,1,0,0,0,0,0,0,0,0,0,0,0,0,0,0,0,0,0,0,0,0,0,0,1
1.62,67.0,2.388,1.676,2.388,0.5966,1.4248,0.7018,1.0,0.712,-0.712,0.0,41.358,1.676,7.5,0,0,0,1,0,0,0,0,0,0,0,0,0,0,0,0,0,0,0,0,0,0,0,0,0,0,0,0,0,0,0,0,0,0,0,0,0,1,0,0,0,0,0,0,0,0,0,0,0,0,0,0,0,0,0,0,0,0,0,1
1.63,56.0,2.311,1.676,2.311,0.5967,1.3789,0.7252,1.0,0.635,-0.635,0.0,34.3558,1.676,8.0,0,0,1,0,0,0,0,0,0,0,0,0,0,0,0,0,0,0,0,0,0,0,0,0,0,0,0,0,0,0,0,0,0,0,0,0,1,0,0,0,0,0,0,0,0,0,0,0,0,0,0,0,0,0,0,0,0,0,0,1
1.74,61.0,2.311,1.676,2.311,0.5967,1.3789,0.7252,1.0,0.635,-0.635,0.0,35.0575,1.676,9.0,0,0,1,0,0,0,0,0,0,0,0,0,0,0,0,0,0,0,0,0,0,0,0,0,0,0,0,0,0,0,0,0,0,0,0,0,1,0,0,0,0,0,0,0,0,0,0,0,0,0,0,0,0,0,0,0,0,0,0,1
1.63,69.0,2.464,1.753,2.388,0.5886,1.4056,0.7341,1.0318,0.711,-0.635,0.076,42.3313,1.753,7.5,0,0,0,0,1,0,0,0,0,0,0,0,0,0,0,0,0,0,0,0,0,0,0,0,0,0,0,0,0,0,0,0,0,0,0,0,0,0,1,0,0,0,0,0,0,0,0,0,0,0,0,0,0,0,0,0,0,0,0,0
1.7,74.0,2.464,1.88,2.591,0.5058,1.3106,0.7256,0.951,0.584,-0.711,-0.127,43.5294,1.88,6.5,0,0,0,0,1,0,0,0,0,0,0,0,0,0,0,0,0,0,0,0,0,0,0,0,0,0,0,0,0,0,0,0,0,0,0,0,0,0,1,0,0,0,0,0,0,0,0,0,0,0,0,0,0,0,0,0,0,0,0,1
1.75,66.0,2.464,1.549,2.515,0.6325,1.5907,0.6159,0.9797,0.915,-0.966,-0.051,37.7143,1.549,7.5,1,0,0,0,0,0,0,0,0,0,0,0,0,0,0,0,0,0,0,0,0,0,0,0,0,0,0,0,1,0,0,0,0,0,0,0,0,0,0,0,0,0,0,0,0,0,0,0,0,0,0,0,0,0,0,0,0,0,0,0
1.75,63.0,2.388,1.626,2.388,0.615,1.4686,0.6809,1.0,0.762,-0.762,0.0,36.0,1.626,7.0,0,0,0,1,0,0,0,0,0,0,0,0,0,0,0,0,0,0,0,0,0,0,0,0,0,0,0,0,0,0,0,0,0,0,0,0,0,1,0,0,0,0,0,0,0,0,0,0,0,0,0,0,0,0,0,0,0,0,0,1
1.71,53.0,2.21,1.549,2.261,0.631,1.4267,0.6851,0.9774,0.661,-0.712,-0.051,30.9942,1.549,9.0,0,0,1,0,0,0,0,0,0,0,0,0,0,0,0,0,0,0,0,0,0,0,0,0,0,0,0,0,0,0,1,0,0,0,0,0,0,0,0,0,0,0,0,0,0,0,0,0,0,0,0,0,0,0,0,0,0,0,0,1
1.57,56.0,2.311,1.676,2.311,0.5967,1.3789,0.7252,1.0,0.635,-0.635,0.0,35.6688,1.676,7.0,0,0,1,0,0,0,0,0,0,0,0,0,0,0,0,0,0,0,0,0,0,0,0,0,0,0,0,0,0,0,0,0,0,0,0,0,1,0,0,0,0,0,0,0,0,0,0,0,0,0,0,0,0,0,0,0,0,0,0,1
1.71,63.0,2.311,1.626,2.388,0.5952,1.4213,0.6809,0.9678,0.685,-0.762,-0.077,36.8421,1.626,0.0,0,0,1,0,0,0,0,0,0,0,0,0,0,0,0,0,0,0,0,0,0,0,0,0,0,0,0,0,0,0,0,0,0,0,0,0,1,0,0,0,0,0,0,0,0,0,0,0,0,0,0,0,0,0,0,0,0,0,0,1
1.52,44.0,2.007,1.473,2.134,0.6385,1.3625,0.6903,0.9405,0.534,-0.661,-0.127,28.9474,1.473,0.0,1,0,0,0,0,0,0,0,0,0,0,0,0,0,0,0,0,0,0,0,0,0,0,1,0,0,0,0,0,0,0,0,0,0,0,0,0,0,0,0,0,0,0,0,0,0,0,0,0,0,0,0,0,0,0,0,0,0,0,1
1.7,63.0,2.311,1.676,2.311,0.5967,1.3789,0.7252,1.0,0.635,-0.635,0.0,37.0588,1.676,0.0,0,0,1,0,0,0,0,0,0,0,0,0,0,0,0,0,0,0,0,0,0,0,0,0,0,0,0,0,0,0,0,0,0,0,0,0,1,0,0,0,0,0,0,0,0,0,0,0,0,0,0,0,0,0,0,0,0,0,0,1
1.7,59.0,2.184,1.549,2.261,0.6236,1.4099,0.6851,0.9659,0.635,-0.712,-0.077,34.7059,1.549,9.0,0,0,1,0,0,0,0,0,0,0,0,0,0,0,0,0,0,0,0,0,0,0,0,0,0,0,0,0,0,0,1,0,0,0,0,0,0,0,0,0,0,0,0,0,0,0,0,0,0,0,0,0,0,0,0,0,0,0,0,1
1.6,59.0,2.388,1.676,2.388,0.5966,1.4248,0.7018,1.0,0.712,-0.712,0.0,36.875,1.676,0.0,0,0,0,1,0,0,0,0,0,0,0,0,0,0,0,0,0,0,0,0,0,0,0,0,0,0,0,0,0,0,0,0,0,0,0,0,0,1,0,0,0,0,0,0,0,0,0,0,0,0,0,0,0,0,0,0,0,0,0,1
1.65,59.0,2.261,1.753,2.311,0.5581,1.2898,0.7585,0.9784,0.508,-0.558,-0.05,35.7576,1.753,0.0,1,0,0,0,0,0,0,0,0,0,0,0,0,0,0,0,0,0,0,0,0,0,0,0,0,0,0,0,0,0,0,0,0,0,0,1,0,0,0,0,0,0,0,0,0,0,0,0,0,0,0,0,0,0,0,0,0,0,0,1
1.57,70.0,2.311,2.388,2.718,0.3561,0.9678,0.8786,0.8503,-0.077,-0.33,-0.407,44.586,2.388,6.0,0,0,1,0,0,0,0,0,0,0,0,0,0,0,0,0,0,0,0,0,0,0,0,0,0,0,0,0,0,0,0,0,0,0,0,0,1,0,0,0,0,0,0,0,0,0,0,0,0,0,0,0,0,0,0,0,0,0,0,1
1.6,66.0,2.388,1.803,2.515,0.5266,1.3245,0.7169,0.9495,0.585,-0.712,-0.127,41.25,1.803,8.0,0,0,0,1,0,0,0,0,0,0,0,0,0,0,0,0,0,0,0,0,0,0,0,0,0,0,0,0,0,0,0,0,0,0,0,0,0,1,0,0,0,0,0,0,0,0,0,0,0,0,0,0,0,0,0,0,0,0,0,1
1.65,70.0,2.515,1.803,2.388,0.5841,1.3949,0.755,1.0532,0.712,-0.585,0.127,42.4242,1.803,7.0,0,0,0,0,0,1,0,0,0,0,0,0,0,0,0,0,0,0,0,0,0,0,0,0,0,0,0,0,0,0,0,0,0,0,0,0,0,0,0,1,0,0,0,0,0,0,0,0,0,0,0,0,0,0,0,0,0,0,0,1
1.51,49.0,2.134,1.549,2.184,0.6308,1.3777,0.7092,0.9771,0.585,-0.635,-0.05,32.4503,1.549,6.5,1,0,0,0,0,0,0,0,0,0,0,0,0,0,0,0,0,0,0,0,0,0,0,0,0,0,0,0,1,0,0,0,0,0,0,0,0,0,0,0,0,0,0,0,0,0,0,0,0,0,0,0,0,0,0,0,0,0,0,1
1.5,48.0,2.184,1.549,2.184,0.6456,1.4099,0.7092,1.0,0.635,-0.635,0.0,32.0,1.549,6.0,0,0,1,0,0,0,0,0,0,0,0,0,0,0,0,0,0,0,0,0,0,0,0,0,0,0,0,0,0,0,1,0,0,0,0,0,0,0,0,0,0,0,0,0,0,0,0,0,0,0,0,0,0,0,0,0,0,0,0,1
1.57,40.0,2.007,1.422,2.057,0.6861,1.4114,0.6913,0.9757,0.585,-0.635,-0.05,25.4777,1.422,5.0,1,0,0,0,0,0,0,0,0,0,0,0,0,0,0,0,0,0,0,0,0,0,0,1,0,0,0,0,0,0,0,0,0,0,0,0,0,0,0,0,0,0,0,0,0,0,0,0,0,0,0,0,0,0,0,0,0,0,0,1
1.68,54.0,2.134,1.549,2.184,0.6308,1.3777,0.7092,0.9771,0.585,-0.635,-0.05,32.1429,1.549,8.0,1,0,0,0,0,0,0,0,0,0,0,0,0,0,0,0,0,0,0,0,0,0,0,0,0,0,0,0,1,0,0,0,0,0,0,0,0,0,0,0,0,0,0,0,0,0,0,0,0,0,0,0,0,0,0,0,0,0,0,1
1.65,59.0,2.388,1.676,2.388,0.5966,1.4248,0.7018,1.0,0.712,-0.712,0.0,35.7576,1.676,8.0,0,0,0,1,0,0,0,0,0,0,0,0,0,0,0,0,0,0,0,0,0,0,0,0,0,0,0,0,0,0,0,0,0,0,0,0,0,1,0,0,0,0,0,0,0,0,0,0,0,0,0,0,0,0,0,0,0,0,0,1
1.57,57.0,2.388,1.753,2.311,0.5894,1.3622,0.7585,1.0333,0.635,-0.558,0.077,36.3057,1.753,6.5,0,0,0,1,0,0,0,0,0,0,0,0,0,0,0,0,0,0,0,0,0,0,0,0,0,0,0,0,0,0,0,0,0,0,0,0,0,1,0,0,0,0,0,0,0,0,0,0,0,0,0,0,0,0,0,0,0,0,0,1
1.6,54.0,2.311,1.676,2.388,0.5774,1.3789,0.7018,0.9678,0.635,-0.712,-0.077,33.75,1.676,5.0,0,0,1,0,0,0,0,0,0,0,0,0,0,0,0,0,0,0,0,0,0,0,0,0,0,0,0,0,0,0,0,0,0,0,0,0,1,0,0,0,0,0,0,0,0,0,0,0,0,0,0,0,0,0,0,0,0,0,0,1
1.68,63.0,2.311,1.626,2.057,0.691,1.4213,0.7905,1.1235,0.685,-0.431,0.254,37.5,1.626,0.0,0,0,1,0,0,0,0,0,0,0,0,0,0,0,0,0,0,0,0,0,0,0,0,0,0,0,0,0,0,0,0,0,0,0,0,0,1,0,0,0,0,0,0,0,0,0,0,0,0,0,0,0,0,0,0,0,0,0,0,1
1.57,54.0,2.184,1.549,2.184,0.6456,1.4099,0.7092,1.0,0.635,-0.635,0.0,34.3949,1.549,6.0,0,0,1,0,0,0,0,0,0,0,0,0,0,0,0,0,0,0,0,0,0,0,0,0,0,0,0,0,0,0,1,0,0,0,0,0,0,0,0,0,0,0,0,0,0,0,0,0,0,0,0,0,0,0,0,0,0,0,0,1
1.57,56.0,2.311,1.626,2.311,0.615,1.4213,0.7036,1.0,0.685,-0.685,0.0,35.6688,1.626,8.0,0,0,1,0,0,0,0,0,0,0,0,0,0,0,0,0,0,0,0,0,0,0,0,0,0,0,0,0,0,0,0,0,0,0,0,0,1,0,0,0,0,0,0,0,0,0,0,0,0,0,0,0,0,0,0,0,0,0,0,1
1.6,50.0,2.184,1.549,2.184,0.6456,1.4099,0.7092,1.0,0.635,-0.635,0.0,31.25,1.549,7.0,0,0,1,0,0,0,0,0,0,0,0,0,0,0,0,0,0,0,0,0,0,0,0,0,0,0,0,0,0,0,1,0,0,0,0,0,0,0,0,0,0,0,0,0,0,0,0,0,0,0,0,0,0,0,0,0,0,0,0,1
1.65,61.0,2.261,1.753,2.388,0.5401,1.2898,0.7341,0.9468,0.508,-0.635,-0.127,36.9697,1.753,6.0,1,0,0,0,0,0,0,0,0,0,0,0,0,0,0,0,0,0,0,0,0,0,0,0,0,0,0,0,0,0,0,0,0,0,0,1,0,0,0,0,0,0,0,0,0,0,0,0,0,0,0,0,0,0,0,0,0,0,0,1
1.57,50.0,2.057,1.473,2.134,0.6544,1.3965,0.6903,0.9639,0.584,-0.661,-0.077,31.8471,1.473,5.0,0,0,1,0,0,0,0,0,0,0,0,0,0,0,0,0,0,0,0,0,0,0,0,0,1,0,0,0,0,0,0,0,0,0,0,0,0,0,0,0,0,0,0,0,0,0,0,0,0,0,0,0,0,0,0,0,0,0,0,1
1.57,53.0,2.184,1.549,2.184,0.6456,1.4099,0.7092,1.0,0.635,-0.635,0.0,33.758,1.549,6.5,0,0,1,0,0,0,0,0,0,0,0,0,0,0,0,0,0,0,0,0,0,0,0,0,0,0,0,0,0,0,1,0,0,0,0,0,0,0,0,0,0,0,0,0,0,0,0,0,0,0,0,0,0,0,0,0,0,0,0,1
1.52,79.0,2.515,1.88,2.515,0.5319,1.3378,0.7475,1.0,0.635,-0.635,0.0,51.9737,1.88,9.0,0,0,0,1,0,0,0,0,0,0,0,0,0,0,0,0,0,0,0,0,0,0,0,0,0,0,0,0,0,0,0,0,0,0,0,0,0,0,0,0,0,0,0,1,0,0,0,0,0,0,0,0,0,0,0,0,0,0,0,1
1.78,61.0,2.311,1.626,2.311,0.615,1.4213,0.7036,1.0,0.685,-0.685,0.0,34.2697,1.626,9.0,0,0,1,0,0,0,0,0,0,0,0,0,0,0,0,0,0,0,0,0,0,0,0,0,0,0,0,0,0,0,0,0,0,0,0,0,1,0,0,0,0,0,0,0,0,0,0,0,0,0,0,0,0,0,0,0,0,0,0,1
1.65,55.0,2.311,1.626,2.261,0.6286,1.4213,0.7192,1.0221,0.685,-0.635,0.05,33.3333,1.626,8.0,0,0,1,0,0,0,0,0,0,0,0,0,0,0,0,0,0,0,0,0,0,0,0,0,0,0,0,0,0,0,0,0,0,0,0,0,1,0,0,0,0,0,0,0,0,0,0,0,0,0,0,0,0,0,0,0,0,0,0,1
1.73,55.0,2.134,1.473,2.184,0.6633,1.4487,0.6745,0.9771,0.661,-0.711,-0.05,31.7919,1.473,7.5,1,0,0,0,0,0,0,0,0,0,0,0,0,0,0,0,0,0,0,0,0,0,0,0,0,0,0,0,1,0,0,0,0,0,0,0,0,0,0,0,0,0,0,0,0,0,0,0,0,0,0,0,0,0,0,0,0,0,0,1
1.63,53.0,2.184,1.626,2.261,0.5941,1.3432,0.7192,0.9659,0.558,-0.635,-0.077,32.5153,1.626,6.0,0,0,1,0,0,0,0,0,0,0,0,0,0,0,0,0,0,0,0,0,0,0,0,0,0,0,0,0,0,0,1,0,0,0,0,0,0,0,0,0,0,0,0,0,0,0,0,0,0,0,0,0,0,0,0,0,0,0,0,1
1.65,57.0,2.311,1.549,2.311,0.6456,1.4919,0.6703,1.0,0.762,-0.762,0.0,34.5455,1.549,7.0,0,0,1,0,0,0,0,0,0,0,0,0,0,0,0,0,0,0,0,0,0,0,0,0,0,0,0,0,0,0,0,0,0,0,0,0,1,0,0,0,0,0,0,0,0,0,0,0,0,0,0,0,0,0,0,0,0,0,0,1
1.65,84.0,2.642,2.311,2.515,0.4546,1.1432,0.9189,1.0505,0.331,-0.204,0.127,50.9091,2.311,7.0,0,0,0,1,0,0,0,0,0,0,0,0,0,0,0,0,0,0,0,0,0,0,0,0,0,0,0,0,0,0,0,0,0,0,0,0,0,0,0,0,0,0,0,0,0,0,0,0,0,1,0,0,0,0,0,0,0,0,0,1
1.75,58.0,2.134,1.549,2.261,0.6093,1.3777,0.6851,0.9438,0.585,-0.712,-0.127,33.1429,1.549,9.5,1,0,0,0,0,0,0,0,0,0,0,0,0,0,0,0,0,0,0,0,0,0,0,0,0,0,0,0,1,0,0,0,0,0,0,0,0,0,0,0,0,0,0,0,0,0,0,0,0,0,0,0,0,0,0,0,0,0,0,1
1.63,53.0,2.311,1.676,2.311,0.5967,1.3789,0.7252,1.0,0.635,-0.635,0.0,32.5153,1.676,8.0,0,0,1,0,0,0,0,0,0,0,0,0,0,0,0,0,0,0,0,0,0,0,0,0,0,0,0,0,0,0,0,0,0,0,0,0,1,0,0,0,0,0,0,0,0,0,0,0,0,0,0,0,0,0,0,0,0,0,0,1
1.55,58.0,2.388,1.676,2.388,0.5966,1.4248,0.7018,1.0,0.712,-0.712,0.0,37.4194,1.676,6.5,0,0,0,1,0,0,0,0,0,0,0,0,0,0,0,0,0,0,0,0,0,0,0,0,0,0,0,0,0,0,0,0,0,0,0,0,0,1,0,0,0,0,0,0,0,0,0,0,0,0,0,0,0,0,0,0,0,0,0,1
1.57,51.0,2.261,1.626,2.261,0.615,1.3905,0.7192,1.0,0.635,-0.635,0.0,32.4841,1.626,6.0,1,0,0,0,0,0,0,0,0,0,0,0,0,0,0,0,0,0,0,0,0,0,0,0,0,0,0,0,0,0,0,0,0,0,0,1,0,0,0,0,0,0,0,0,0,0,0,0,0,0,0,0,0,0,0,0,0,0,0,1
1.68,58.0,2.261,1.676,2.388,0.5649,1.349,0.7018,0.9468,0.585,-0.712,-0.127,34.5238,1.676,7.5,0,0,0,1,0,0,0,0,0,0,0,0,0,0,0,0,0,0,0,0,0,0,0,0,0,0,0,0,0,0,0,1,0,0,0,0,0,0,0,0,0,0,0,0,0,0,0,0,0,0,0,0,0,0,0,0,0,0,0,1
1.78,65.0,2.311,1.676,2.311,0.5967,1.3789,0.7252,1.0,0.635,-0.635,0.0,36.5169,1.676,9.5,0,0,1,0,0,0,0,0,0,0,0,0,0,0,0,0,0,0,0,0,0,0,0,0,0,0,0,0,0,0,0,0,0,0,0,0,1,0,0,0,0,0,0,0,0,0,0,0,0,0,0,0,0,0,0,0,0,0,0,1
1.73,70.0,2.464,1.676,2.388,0.6157,1.4702,0.7018,1.0318,0.788,-0.712,0.076,40.4624,1.676,8.5,0,0,0,1,0,0,0,0,0,0,0,0,0,0,0,0,0,0,0,0,0,0,0,0,0,0,0,0,0,0,0,0,0,0,0,0,0,0,1,0,0,0,0,0,0,0,0,0,0,0,0,0,0,0,0,0,0,0,0,1
1.57,47.0,2.134,1.549,2.261,0.6093,1.3777,0.6851,0.9438,0.585,-0.712,-0.127,29.9363,1.549,6.0,1,0,0,0,0,0,0,0,0,0,0,0,0,0,0,0,0,0,0,0,0,0,0,0,0,0,0,0,1,0,0,0,0,0,0,0,0,0,0,0,0,0,0,0,0,0,0,0,0,0,0,0,0,0,0,0,0,0,0,1
1.68,68.0,2.388,1.753,2.515,0.5416,1.3622,0.697,0.9495,0.635,-0.762,-0.127,40.4762,1.753,9.0,0,0,0,1,0,0,0,0,0,0,0,0,0,0,0,0,0,0,0,0,0,0,0,0,0,0,0,0,0,0,0,0,0,0,0,0,0,1,0,0,0,0,0,0,0,0,0,0,0,0,0,0,0,0,0,0,0,0,0,1
1.75,70.0,2.642,1.88,2.515,0.5588,1.4053,0.7475,1.0505,0.762,-0.635,0.127,40.0,1.88,8.5,0,0,0,0,0,1,0,0,0,0,0,0,0,0,0,0,0,0,0,0,0,0,0,0,0,0,0,0,0,0,0,0,0,0,0,0,0,0,0,0,0,0,0,0,0,1,0,0,0,0,0,0,0,0,0,0,0,0,0,1
1.7,62.0,2.464,1.676,2.388,0.6157,1.4702,0.7018,1.0318,0.788,-0.712,0.076,36.4706,1.676,10.0,0,0,1,0,0,0,0,0,0,0,0,0,0,0,0,0,0,0,0,0,0,0,0,0,0,0,0,0,0,0,0,0,0,0,0,0,0,0,0,0,0,0,1,0,0,0,0,0,0,0,0,0,0,0,0,0,0,0,0,1
1.55,64.0,2.769,1.753,2.464,0.6411,1.5796,0.7114,1.1238,1.016,-0.711,0.305,41.2903,1.753,9.0,0,0,0,0,0,0,0,0,1,0,0,0,0,0,0,0,0,0,0,0,0,0,0,0,0,0,0,0,0,0,0,0,0,0,0,0,0,0,0,0,0,0,0,0,0,0,0,0,0,0,0,0,1,0,0,0,0,0,0,1
1.58,52.0,2.311,1.549,2.388,0.6247,1.4919,0.6487,0.9678,0.762,-0.839,-0.077,32.9114,1.549,0.0,0,0,0,0,1,0,0,0,0,0,0,0,0,0,0,0,0,0,0,0,0,0,0,0,0,0,0,0,0,0,0,0,1,0,0,0,0,0,0,0,0,0,0,0,0,0,0,0,0,0,0,0,0,0,0,0,0,0,0,1
1.64,57.0,2.311,1.676,2.311,0.5967,1.3789,0.7252,1.0,0.635,-0.635,0.0,34.7561,1.676,7.0,0,0,1,0,0,0,0,0,0,0,0,0,0,0,0,0,0,0,0,0,0,0,0,0,0,0,0,0,0,0,0,0,0,0,0,0,1,0,0,0,0,0,0,0,0,0,0,0,0,0,0,0,0,0,0,0,0,0,0,1
1.7,54.0,2.311,1.626,2.311,0.615,1.4213,0.7036,1.0,0.685,-0.685,0.0,31.7647,1.626,8.0,0,0,1,0,0,0,0,0,0,0,0,0,0,0,0,0,0,0,0,0,0,0,0,0,0,0,0,0,0,0,0,0,0,0,0,0,1,0,0,0,0,0,0,0,0,0,0,0,0,0,0,0,0,0,0,0,0,0,0,1
1.57,49.0,2.184,1.549,2.261,0.6236,1.4099,0.6851,0.9659,0.635,-0.712,-0.077,31.2102,1.549,7.0,0,0,1,0,0,0,0,0,0,0,0,0,0,0,0,0,0,0,0,0,0,0,0,0,0,0,0,0,0,0,1,0,0,0,0,0,0,0,0,0,0,0,0,0,0,0,0,0,0,0,0,0,0,0,0,0,0,0,0,1
1.75,64.0,2.311,1.626,2.311,0.615,1.4213,0.7036,1.0,0.685,-0.685,0.0,36.5714,1.626,7.0,0,0,1,0,0,0,0,0,0,0,0,0,0,0,0,0,0,0,0,0,0,0,0,0,0,0,0,0,0,0,0,0,0,0,0,0,1,0,0,0,0,0,0,0,0,0,0,0,0,0,0,0,0,0,0,0,0,0,0,1
1.6,54.0,2.184,1.549,2.184,0.6456,1.4099,0.7092,1.0,0.635,-0.635,0.0,33.75,1.549,7.5,0,0,1,0,0,0,0,0,0,0,0,0,0,0,0,0,0,0,0,0,0,0,0,0,0,0,0,0,0,0,1,0,0,0,0,0,0,0,0,0,0,0,0,0,0,0,0,0,0,0,0,0,0,0,0,0,0,0,0,1
1.57,0.0,2.007,1.473,2.134,0.6385,1.3625,0.6903,0.9405,0.534,-0.661,-0.127,0.0,1.473,0.0,1,0,0,0,0,0,0,0,0,0,0,0,0,0,0,0,0,0,0,0,0,0,0,1,0,0,0,0,0,0,0,0,0,0,0,0,0,0,0,0,0,0,0,0,0,0,0,0,0,0,0,0,0,0,0,0,0,0,0,1
1.65,55.0,2.311,1.549,2.311,0.6456,1.4919,0.6703,1.0,0.762,-0.762,0.0,33.3333,1.549,8.0,0,0,1,0,0,0,0,0,0,0,0,0,0,0,0,0,0,0,0,0,0,0,0,0,0,0,0,0,0,0,0,0,0,0,0,0,1,0,0,0,0,0,0,0,0,0,0,0,0,0,0,0,0,0,0,0,0,0,0,1
1.56,61.0,2.311,1.626,2.261,0.6286,1.4213,0.7192,1.0221,0.685,-0.635,0.05,39.1026,1.626,6.0,0,0,1,0,0,0,0,0,0,0,0,0,0,0,0,0,0,0,0,0,0,0,0,0,0,0,0,0,0,0,0,0,0,0,0,0,1,0,0,0,0,0,0,0,0,0,0,0,0,0,0,0,0,0,0,0,0,0,0,1
1.6,54.0,2.388,1.549,2.311,0.6671,1.5416,0.6703,1.0333,0.839,-0.762,0.077,33.75,1.549,0.0,0,0,0,1,0,0,0,0,0,0,0,0,0,0,0,0,0,0,0,0,0,0,0,0,0,0,0,0,0,0,0,0,0,0,0,0,0,1,0,0,0,0,0,0,0,0,0,0,0,0,0,0,0,0,0,0,0,0,0,1
1.68,91.0,2.845,2.057,2.642,0.5235,1.3831,0.7786,1.0768,0.788,-0.585,0.203,54.1667,2.057,10.0,0,0,0,0,0,0,1,0,0,0,0,0,0,0,0,0,0,0,0,0,0,0,0,0,0,0,0,0,0,0,0,0,0,0,0,0,0,0,0,0,0,0,0,0,0,0,0,0,0,0,0,1,0,0,0,0,0,0,0,1
1.73,54.0,2.184,1.626,2.261,0.5941,1.3432,0.7192,0.9659,0.558,-0.635,-0.077,31.2139,1.626,10.0,0,0,1,0,0,0,0,0,0,0,0,0,0,0,0,0,0,0,0,0,0,0,0,0,0,0,0,0,0,0,1,0,0,0,0,0,0,0,0,0,0,0,0,0,0,0,0,0,0,0,0,0,0,0,0,0,0,0,0,1
1.55,49.0,2.134,1.473,2.184,0.6633,1.4487,0.6745,0.9771,0.661,-0.711,-0.05,31.6129,1.473,6.0,1,0,0,0,0,0,0,0,0,0,0,0,0,0,0,0,0,0,0,0,0,0,0,0,0,0,0,0,1,0,0,0,0,0,0,0,0,0,0,0,0,0,0,0,0,0,0,0,0,0,0,0,0,0,0,0,0,0,0,1
1.75,66.0,2.388,1.626,2.311,0.6355,1.4686,0.7036,1.0333,0.762,-0.685,0.077,37.7143,1.626,0.0,0,0,0,1,0,0,0,0,0,0,0,0,0,0,0,0,0,0,0,0,0,0,0,0,0,0,0,0,0,0,0,0,0,0,0,0,0,1,0,0,0,0,0,0,0,0,0,0,0,0,0,0,0,0,0,0,0,0,0,1
1.5,54.0,2.261,1.626,2.388,0.5823,1.3905,0.6809,0.9468,0.635,-0.762,-0.127,36.0,1.626,5.0,0,0,0,1,0,0,0,0,0,0,0,0,0,0,0,0,0,0,0,0,0,0,0,0,0,0,0,0,0,0,0,1,0,0,0,0,0,0,0,0,0,0,0,0,0,0,0,0,0,0,0,0,0,0,0,0,0,0,0,1
1.55,54.0,2.261,1.676,2.311,0.5837,1.349,0.7252,0.9784,0.585,-0.635,-0.05,34.8387,1.676,0.0,0,0,0,1,0,0,0,0,0,0,0,0,0,0,0,0,0,0,0,0,0,0,0,0,0,0,0,0,0,0,0,1,0,0,0,0,0,0,0,0,0,0,0,0,0,0,0,0,0,0,0,0,0,0,0,0,0,0,0,1
1.73,52.0,2.134,1.549,2.261,0.6093,1.3777,0.6851,0.9438,0.585,-0.712,-0.127,30.0578,1.549,6.0,1,0,0,0,0,0,0,0,0,0,0,0,0,0,0,0,0,0,0,0,0,0,0,0,0,0,0,0,1,0,0,0,0,0,0,0,0,0,0,0,0,0,0,0,0,0,0,0,0,0,0,0,0,0,0,0,0,0,0,1
1.52,53.0,2.261,1.549,2.261,0.6456,1.4597,0.6851,1.0,0.712,-0.712,0.0,34.8684,1.549,6.5,0,0,0,1,0,0,0,0,0,0,0,0,0,0,0,0,0,0,0,0,0,0,0,0,0,0,0,0,0,0,0,1,0,0,0,0,0,0,0,0,0,0,0,0,0,0,0,0,0,0,0,0,0,0,0,0,0,0,0,1
1.63,54.0,2.311,1.473,2.261,0.6939,1.5689,0.6515,1.0221,0.838,-0.788,0.05,33.1288,1.473,5.0,0,0,1,0,0,0,0,0,0,0,0,0,0,0,0,0,0,0,0,0,0,0,0,0,0,0,0,0,0,0,0,0,0,0,0,0,1,0,0,0,0,0,0,0,0,0,0,0,0,0,0,0,0,0,0,0,0,0,0,1
1.57,53.0,2.134,1.626,2.184,0.6009,1.3124,0.7445,0.9771,0.508,-0.558,-0.05,33.758,1.626,6.0,1,0,0,0,0,0,0,0,0,0,0,0,0,0,0,0,0,0,0,0,0,0,0,0,0,0,0,0,1,0,0,0,0,0,0,0,0,0,0,0,0,0,0,0,0,0,0,0,0,0,0,0,0,0,0,0,0,0,0,1
1.68,57.0,2.261,1.626,2.261,0.615,1.3905,0.7192,1.0,0.635,-0.635,0.0,33.9286,1.626,7.0,0,0,0,1,0,0,0,0,0,0,0,0,0,0,0,0,0,0,0,0,0,0,0,0,0,0,0,0,0,0,0,1,0,0,0,0,0,0,0,0,0,0,0,0,0,0,0,0,0,0,0,0,0,0,0,0,0,0,0,1
1.58,51.0,2.184,1.549,2.184,0.6456,1.4099,0.7092,1.0,0.635,-0.635,0.0,32.2785,1.549,8.0,0,0,1,0,0,0,0,0,0,0,0,0,0,0,0,0,0,0,0,0,0,0,0,0,0,0,0,0,0,0,1,0,0,0,0,0,0,0,0,0,0,0,0,0,0,0,0,0,0,0,0,0,0,0,0,0,0,0,0,1
1.57,52.0,2.184,1.626,2.184,0.615,1.3432,0.7445,1.0,0.558,-0.558,0.0,33.121,1.626,7.0,0,0,1,0,0,0,0,0,0,0,0,0,0,0,0,0,0,0,0,0,0,0,0,0,0,0,0,0,0,0,1,0,0,0,0,0,0,0,0,0,0,0,0,0,0,0,0,0,0,0,0,0,0,0,0,0,0,0,0,1
1.73,55.0,2.311,1.549,2.311,0.6456,1.4919,0.6703,1.0,0.762,-0.762,0.0,31.7919,1.549,8.0,0,0,1,0,0,0,0,0,0,0,0,0,0,0,0,0,0,0,0,0,0,0,0,0,0,0,0,0,0,0,0,0,0,0,0,0,1,0,0,0,0,0,0,0,0,0,0,0,0,0,0,0,0,0,0,0,0,0,0,1
1.65,60.0,2.464,1.676,2.311,0.6362,1.4702,0.7252,1.0662,0.788,-0.635,0.153,36.3636,1.676,0.0,0,0,0,0,1,0,0,0,0,0,0,0,0,0,0,0,0,0,0,0,0,0,0,0,0,0,0,0,0,0,0,0,0,0,0,0,0,0,1,0,0,0,0,0,0,0,0,0,0,0,0,0,0,0,0,0,0,0,0,0
1.78,91.0,2.896,2.769,2.896,0.3612,1.0459,0.9561,1.0,0.127,-0.127,0.0,51.1236,2.769,7.0,0,0,0,0,0,1,0,0,0,0,0,0,0,0,0,0,0,0,0,0,0,0,0,0,0,0,0,0,0,0,0,0,0,0,0,0,0,0,0,0,0,0,0,0,0,0,0,0,0,0,0,0,0,0,0,0,0,0,1,1
1.65,54.0,2.515,1.753,2.388,0.6008,1.4347,0.7341,1.0532,0.762,-0.635,0.127,32.7273,1.753,6.0,0,0,0,1,0,0,0,0,0,0,0,0,0,0,0,0,0,0,0,0,0,0,0,0,0,0,0,0,0,0,0,0,0,0,0,0,0,0,0,0,0,0,0,1,0,0,0,0,0,0,0,0,0,0,0,0,0,0,0,1
1.7,54.0,2.184,1.473,2.261,0.6558,1.4827,0.6515,0.9659,0.711,-0.788,-0.077,31.7647,1.473,8.5,0,0,1,0,0,0,0,0,0,0,0,0,0,0,0,0,0,0,0,0,0,0,0,0,0,0,0,0,0,0,1,0,0,0,0,0,0,0,0,0,0,0,0,0,0,0,0,0,0,0,0,0,0,0,0,0,0,0,0,1
1.6,64.0,2.388,1.753,2.311,0.5894,1.3622,0.7585,1.0333,0.635,-0.558,0.077,40.0,1.753,6.0,0,0,0,1,0,0,0,0,0,0,0,0,0,0,0,0,0,0,0,0,0,0,0,0,0,0,0,0,0,0,0,0,0,0,0,0,0,1,0,0,0,0,0,0,0,0,0,0,0,0,0,0,0,0,0,0,0,0,0,1
1.75,62.0,2.591,1.676,2.388,0.6474,1.5459,0.7018,1.085,0.915,-0.712,0.203,35.4286,1.676,10.0,0,0,0,0,1,0,0,0,0,0,0,0,0,0,0,0,0,0,0,0,0,0,0,0,0,0,0,0,0,0,0,0,0,0,0,0,0,0,0,0,0,0,0,0,1,0,0,0,0,0,0,0,0,0,0,0,0,0,0,1
1.5,45.0,2.134,1.473,2.134,0.6789,1.4487,0.6903,1.0,0.661,-0.661,0.0,30.0,1.473,5.5,0,0,0,1,0,0,0,0,0,0,0,0,0,0,0,0,0,0,0,0,0,0,0,0,0,1,0,0,0,0,0,0,0,0,0,0,0,0,0,0,0,0,0,0,0,0,0,0,0,0,0,0,0,0,0,0,0,0,0,1
1.68,54.0,2.134,1.626,2.184,0.6009,1.3124,0.7445,0.9771,0.508,-0.558,-0.05,32.1429,1.626,8.0,1,0,0,0,0,0,0,0,0,0,0,0,0,0,0,0,0,0,0,0,0,0,0,0,0,0,0,0,1,0,0,0,0,0,0,0,0,0,0,0,0,0,0,0,0,0,0,0,0,0,0,0,0,0,0,0,0,0,0,1
1.68,54.0,2.184,1.626,2.261,0.5941,1.3432,0.7192,0.9659,0.558,-0.635,-0.077,32.1429,1.626,7.0,0,0,1,0,0,0,0,0,0,0,0,0,0,0,0,0,0,0,0,0,0,0,0,0,0,0,0,0,0,0,1,0,0,0,0,0,0,0,0,0,0,0,0,0,0,0,0,0,0,0,0,0,0,0,0,0,0,0,0,1
1.78,64.0,2.311,1.676,2.311,0.5967,1.3789,0.7252,1.0,0.635,-0.635,0.0,35.9551,1.676,11.0,0,0,1,0,0,0,0,0,0,0,0,0,0,0,0,0,0,0,0,0,0,0,0,0,0,0,0,0,0,0,0,0,0,0,0,0,1,0,0,0,0,0,0,0,0,0,0,0,0,0,0,0,0,0,0,0,0,0,0,1
1.59,57.0,2.184,1.626,2.261,0.5941,1.3432,0.7192,0.9659,0.558,-0.635,-0.077,35.8491,1.626,6.5,0,0,1,0,0,0,0,0,0,0,0,0,0,0,0,0,0,0,0,0,0,0,0,0,0,0,0,0,0,0,1,0,0,0,0,0,0,0,0,0,0,0,0,0,0,0,0,0,0,0,0,0,0,0,0,0,0,0,0,1
1.62,205.0,1.016,0.838,1.067,1.1363,1.2124,0.7854,0.9522,0.178,-0.229,-0.051,126.5432,0.838,7.0,0,0,0,1,0,0,0,0,0,0,0,0,0,0,0,0,0,0,0,0,0,0,0,0,0,0,0,0,0,0,0,0,0,0,0,0,0,1,0,0,0,0,0,0,0,0,0,0,0,0,0,0,0,0,0,0,0,0,0,1
1.66,55.0,2.261,1.626,2.261,0.615,1.3905,0.7192,1.0,0.635,-0.635,0.0,33.1325,1.626,8.0,0,0,0,1,0,0,0,0,0,0,0,0,0,0,0,0,0,0,0,0,0,0,0,0,0,0,0,0,0,0,0,1,0,0,0,0,0,0,0,0,0,0,0,0,0,0,0,0,0,0,0,0,0,0,0,0,0,0,0,1
1.64,57.0,2.388,1.549,2.261,0.6818,1.5416,0.6851,1.0562,0.839,-0.712,0.127,34.7561,1.549,8.0,0,0,0,1,0,0,0,0,0,0,0,0,0,0,0,0,0,0,0,0,0,0,0,0,0,0,0,0,0,0,0,0,0,0,0,0,0,1,0,0,0,0,0,0,0,0,0,0,0,0,0,0,0,0,0,0,0,0,0,1
1.68,53.0,2.134,1.549,2.184,0.6308,1.3777,0.7092,0.9771,0.585,-0.635,-0.05,31.5476,1.549,7.0,1,0,0,0,0,0,0,0,0,0,0,0,0,0,0,0,0,0,0,0,0,0,0,0,0,0,0,0,1,0,0,0,0,0,0,0,0,0,0,0,0,0,0,0,0,0,0,0,0,0,0,0,0,0,0,0,0,0,0,1
1.57,46.0,2.184,1.473,2.261,0.6558,1.4827,0.6515,0.9659,0.711,-0.788,-0.077,29.2994,1.473,5.0,0,0,1,0,0,0,0,0,0,0,0,0,0,0,0,0,0,0,0,0,0,0,0,0,0,0,0,0,0,0,1,0,0,0,0,0,0,0,0,0,0,0,0,0,0,0,0,0,0,0,0,0,0,0,0,0,0,0,0,1
1.73,57.0,2.184,1.524,2.184,0.6562,1.4331,0.6978,1.0,0.66,-0.66,0.0,32.948,1.524,8.0,0,0,1,0,0,0,0,0,0,0,0,0,0,0,0,0,0,0,0,0,0,0,0,0,0,0,0,0,0,0,1,0,0,0,0,0,0,0,0,0,0,0,0,0,0,0,0,0,0,0,0,0,0,0,0,0,0,0,0,1
1.65,56.0,2.057,1.626,2.261,0.5595,1.2651,0.7192,0.9098,0.431,-0.635,-0.204,33.9394,1.626,0.0,1,0,0,0,0,0,0,0,0,0,0,0,0,0,0,0,0,0,0,0,0,0,0,0,0,0,0,0,1,0,0,0,0,0,0,0,0,0,0,0,0,0,0,0,0,0,0,0,0,0,0,0,0,0,0,0,0,0,0,1
1.76,61.0,2.311,1.676,2.311,0.5967,1.3789,0.7252,1.0,0.635,-0.635,0.0,34.6591,1.676,9.0,0,0,1,0,0,0,0,0,0,0,0,0,0,0,0,0,0,0,0,0,0,0,0,0,0,0,0,0,0,0,0,0,0,0,0,0,1,0,0,0,0,0,0,0,0,0,0,0,0,0,0,0,0,0,0,0,0,0,0,1
1.65,52.0,2.311,1.676,2.134,0.6462,1.3789,0.7854,1.0829,0.635,-0.458,0.177,31.5152,1.676,0.0,0,0,0,0,1,0,0,0,0,0,0,0,0,0,0,0,0,0,0,0,0,0,0,0,0,0,0,0,0,0,0,0,1,0,0,0,0,0,0,0,0,0,0,0,0,0,0,0,0,0,0,0,0,0,0,0,0,0,0,1
1.73,55.0,2.311,1.676,2.261,0.6099,1.3789,0.7413,1.0221,0.635,-0.585,0.05,31.7919,1.676,8.5,0,0,1,0,0,0,0,0,0,0,0,0,0,0,0,0,0,0,0,0,0,0,0,0,0,0,0,0,0,0,0,0,0,0,0,0,1,0,0,0,0,0,0,0,0,0,0,0,0,0,0,0,0,0,0,0,0,0,0,1
1.6,54.0,2.261,1.676,2.184,0.6177,1.349,0.7674,1.0353,0.585,-0.508,0.077,33.75,1.676,7.0,0,0,0,1,0,0,0,0,0,0,0,0,0,0,0,0,0,0,0,0,0,0,0,0,0,0,0,0,0,0,0,1,0,0,0,0,0,0,0,0,0,0,0,0,0,0,0,0,0,0,0,0,0,0,0,0,0,0,0,1
1.78,59.0,2.184,1.626,2.261,0.5941,1.3432,0.7192,0.9659,0.558,-0.635,-0.077,33.1461,1.626,7.0,0,0,1,0,0,0,0,0,0,0,0,0,0,0,0,0,0,0,0,0,0,0,0,0,0,0,0,0,0,0,1,0,0,0,0,0,0,0,0,0,0,0,0,0,0,0,0,0,0,0,0,0,0,0,0,0,0,0,0,1
1.73,54.0,2.184,1.549,2.184,0.6456,1.4099,0.7092,1.0,0.635,-0.635,0.0,31.2139,1.549,7.0,0,0,1,0,0,0,0,0,0,0,0,0,0,0,0,0,0,0,0,0,0,0,0,0,0,0,0,0,0,0,1,0,0,0,0,0,0,0,0,0,0,0,0,0,0,0,0,0,0,0,0,0,0,0,0,0,0,0,0,1
1.68,53.0,2.184,1.626,2.261,0.5941,1.3432,0.7192,0.9659,0.558,-0.635,-0.077,31.5476,1.626,8.0,0,0,1,0,0,0,0,0,0,0,0,0,0,0,0,0,0,0,0,0,0,0,0,0,0,0,0,0,0,0,1,0,0,0,0,0,0,0,0,0,0,0,0,0,0,0,0,0,0,0,0,0,0,0,0,0,0,0,0,1
1.73,55.0,2.057,1.524,2.184,0.618,1.3497,0.6978,0.9418,0.533,-0.66,-0.127,31.7919,1.524,9.0,1,0,0,0,0,0,0,0,0,0,0,0,0,0,0,0,0,0,0,0,0,0,0,0,0,0,0,0,1,0,0,0,0,0,0,0,0,0,0,0,0,0,0,0,0,0,0,0,0,0,0,0,0,0,0,0,0,0,0,1
1.58,54.0,2.311,1.473,2.261,0.6939,1.5689,0.6515,1.0221,0.838,-0.788,0.05,34.1772,1.473,7.0,0,0,1,0,0,0,0,0,0,0,0,0,0,0,0,0,0,0,0,0,0,0,0,0,0,0,0,0,0,0,0,0,0,0,0,0,1,0,0,0,0,0,0,0,0,0,0,0,0,0,0,0,0,0,0,0,0,0,0,1
1.75,85.0,2.591,2.057,2.464,0.5112,1.2596,0.8348,1.0515,0.534,-0.407,0.127,48.5714,2.057,8.0,0,0,0,0,1,0,0,0,0,0,0,0,0,0,0,0,0,0,0,0,0,0,0,0,0,0,0,0,0,0,0,0,0,0,0,0,0,0,0,0,0,0,0,0,1,0,0,0,0,0,0,0,0,0,0,0,0,0,0,1
1.63,54.0,2.311,1.626,2.184,0.6508,1.4213,0.7445,1.0582,0.685,-0.558,0.127,33.1288,1.626,8.0,0,0,1,0,0,0,0,0,0,0,0,0,0,0,0,0,0,0,0,0,0,0,0,0,0,0,0,0,0,0,0,0,0,0,0,0,1,0,0,0,0,0,0,0,0,0,0,0,0,0,0,0,0,0,0,0,0,0,0,1
1.7,55.0,2.311,1.626,2.184,0.6508,1.4213,0.7445,1.0582,0.685,-0.558,0.127,32.3529,1.626,9.0,0,0,1,0,0,0,0,0,0,0,0,0,0,0,0,0,0,0,0,0,0,0,0,0,0,0,0,0,0,0,0,0,0,0,0,0,1,0,0,0,0,0,0,0,0,0,0,0,0,0,0,0,0,0,0,0,0,0,0,1
1.55,56.0,2.311,1.549,2.311,0.6456,1.4919,0.6703,1.0,0.762,-0.762,0.0,36.129,1.549,7.5,0,0,0,0,1,0,0,0,0,0,0,0,0,0,0,0,0,0,0,0,0,0,0,0,0,0,0,0,0,0,0,0,1,0,0,0,0,0,0,0,0,0,0,0,0,0,0,0,0,0,0,0,0,0,0,0,0,0,0,1
1.73,59.0,2.261,1.549,2.311,0.6316,1.4597,0.6703,0.9784,0.712,-0.762,-0.05,34.104,1.549,7.0,0,0,0,1,0,0,0,0,0,0,0,0,0,0,0,0,0,0,0,0,0,0,0,0,0,0,0,0,0,0,0,1,0,0,0,0,0,0,0,0,0,0,0,0,0,0,0,0,0,0,0,0,0,0,0,0,0,0,0,0
1.78,66.0,2.057,1.473,2.388,0.5848,1.3965,0.6168,0.8614,0.584,-0.915,-0.331,37.0787,1.473,0.0,1,0,0,0,0,0,0,0,0,0,0,0,0,0,0,0,0,0,0,0,0,0,0,0,0,0,0,0,1,0,0,0,0,0,0,0,0,0,0,0,0,0,0,0,0,0,0,0,0,0,0,0,0,0,0,0,0,0,0,1
1.63,52.0,2.184,1.473,2.134,0.6948,1.4827,0.6903,1.0234,0.711,-0.661,0.05,31.9018,1.473,7.0,0,0,1,0,0,0,0,0,0,0,0,0,0,0,0,0,0,0,0,0,0,0,0,0,0,0,0,0,0,0,1,0,0,0,0,0,0,0,0,0,0,0,0,0,0,0,0,0,0,0,0,0,0,0,0,0,0,0,0,0
1.6,51.0,2.261,1.549,2.261,0.6456,1.4597,0.6851,1.0,0.712,-0.712,0.0,31.875,1.549,7.0,0,0,0,1,0,0,0,0,0,0,0,0,0,0,0,0,0,0,0,0,0,0,0,0,0,0,0,0,0,0,0,1,0,0,0,0,0,0,0,0,0,0,0,0,0,0,0,0,0,0,0,0,0,0,0,0,0,0,0,1
1.63,57.0,2.261,1.626,2.184,0.6367,1.3905,0.7445,1.0353,0.635,-0.558,0.077,34.9693,1.626,8.0,0,0,1,0,0,0,0,0,0,0,0,0,0,0,0,0,0,0,0,0,0,0,0,0,0,0,0,0,0,0,0,0,0,0,0,0,1,0,0,0,0,0,0,0,0,0,0,0,0,0,0,0,0,0,0,0,0,0,0,1
1.75,55.0,2.388,1.626,2.261,0.6495,1.4686,0.7192,1.0562,0.762,-0.635,0.127,31.4286,1.626,10.0,0,0,0,1,0,0,0,0,0,0,0,0,0,0,0,0,0,0,0,0,0,0,0,0,0,0,0,0,0,0,0,0,0,0,0,0,0,1,0,0,0,0,0,0,0,0,0,0,0,0,0,0,0,0,0,0,0,0,0,1
1.57,50.0,2.388,1.549,2.261,0.6818,1.5416,0.6851,1.0562,0.839,-0.712,0.127,31.8471,1.549,0.0,0,0,0,0,0,1,0,0,0,0,0,0,0,0,0,0,0,0,0,0,0,0,0,0,0,0,0,0,0,0,0,0,0,1,0,0,0,0,0,0,0,0,0,0,0,0,0,0,0,0,0,0,0,0,0,0,0,0,0,1
1.77,78.0,2.642,1.753,2.515,0.5992,1.5071,0.697,1.0505,0.889,-0.762,0.127,44.0678,1.753,0.0,0,0,0,0,0,1,0,0,0,0,0,0,0,0,0,0,0,0,0,0,0,0,0,0,0,0,0,0,0,0,0,0,0,0,0,0,0,0,0,0,0,0,0,0,0,1,0,0,0,0,0,0,0,0,0,0,0,0,0,1
1.65,55.0,2.184,1.549,2.261,0.6236,1.4099,0.6851,0.9659,0.635,-0.712,-0.077,33.3333,1.549,5.0,0,0,1,0,0,0,0,0,0,0,0,0,0,0,0,0,0,0,0,0,0,0,0,0,0,0,0,0,0,0,1,0,0,0,0,0,0,0,0,0,0,0,0,0,0,0,0,0,0,0,0,0,0,0,0,0,0,0,0,1
1.6,55.0,2.134,1.626,2.184,0.6009,1.3124,0.7445,0.9771,0.508,-0.558,-0.05,34.375,1.626,0.0,1,0,0,0,0,0,0,0,0,0,0,0,0,0,0,0,0,0,0,0,0,0,0,0,0,0,0,0,1,0,0,0,0,0,0,0,0,0,0,0,0,0,0,0,0,0,0,0,0,0,0,0,0,0,0,0,0,0,0,1
1.3,58.0,2.261,1.626,2.311,0.6017,1.3905,0.7036,0.9784,0.635,-0.685,-0.05,44.6154,1.626,8.0,0,0,0,1,0,0,0,0,0,0,0,0,0,0,0,0,0,0,0,0,0,0,0,0,0,0,0,0,0,0,0,1,0,0,0,0,0,0,0,0,0,0,0,0,0,0,0,0,0,0,0,0,0,0,0,0,0,0,0,1
1.63,63.0,2.311,1.753,2.388,0.5521,1.3183,0.7341,0.9678,0.558,-0.635,-0.077,38.6503,1.753,5.5,0,0,0,0,1,0,0,0,0,0,0,0,0,0,0,0,0,0,0,0,0,0,0,0,0,0,0,0,0,0,0,0,1,0,0,0,0,0,0,0,0,0,0,0,0,0,0,0,0,0,0,0,0,0,0,0,0,0,0,1
1.57,52.0,2.311,1.626,2.184,0.6508,1.4213,0.7445,1.0582,0.685,-0.558,0.127,33.121,1.626,0.0,0,0,0,0,1,0,0,0,0,0,0,0,0,0,0,0,0,0,0,0,0,0,0,0,0,0,0,0,0,0,0,0,1,0,0,0,0,0,0,0,0,0,0,0,0,0,0,0,0,0,0,0,0,0,0,0,0,0,0,1
1.7,67.0,2.388,1.676,2.388,0.5966,1.4248,0.7018,1.0,0.712,-0.712,0.0,39.4118,1.676,8.0,0,0,0,1,0,0,0,0,0,0,0,0,0,0,0,0,0,0,0,0,0,0,0,0,0,0,0,0,0,0,0,0,0,0,0,0,0,1,0,0,0,0,0,0,0,0,0,0,0,0,0,0,0,0,0,0,0,0,0,1
1.2,62.0,2.591,1.803,2.388,0.6018,1.437,0.755,1.085,0.788,-0.585,0.203,51.6667,1.803,0.0,0,0,0,0,1,0,0,0,0,0,0,0,0,0,0,0,0,0,0,0,0,0,0,0,0,0,0,0,0,0,0,0,0,0,0,0,0,0,0,0,0,0,0,0,1,0,0,0,0,0,0,0,0,0,0,0,0,0,0,0
1.55,54.0,2.261,1.626,2.184,0.6367,1.3905,0.7445,1.0353,0.635,-0.558,0.077,34.8387,1.626,0.0,0,0,0,1,0,0,0,0,0,0,0,0,0,0,0,0,0,0,0,0,0,0,0,0,0,0,0,0,0,0,0,1,0,0,0,0,0,0,0,0,0,0,0,0,0,0,0,0,0,0,0,0,0,0,0,0,0,0,0,1
1.2,54.0,2.515,1.626,2.311,0.6693,1.5467,0.7036,1.0883,0.889,-0.685,0.204,45.0,1.626,0.0,0,0,0,0,0,1,0,0,0,0,0,0,0,0,0,0,0,0,0,0,0,0,0,0,0,0,0,0,0,0,0,0,0,0,0,0,0,0,0,1,0,0,0,0,0,0,0,0,0,0,0,0,0,0,0,0,0,0,0,1
1.63,67.0,2.515,1.753,2.388,0.6008,1.4347,0.7341,1.0532,0.762,-0.635,0.127,41.1043,1.753,6.5,0,0,0,1,0,0,0,0,0,0,0,0,0,0,0,0,0,0,0,0,0,0,0,0,0,0,0,0,0,0,0,0,0,0,0,0,0,0,0,0,0,0,0,1,0,0,0,0,0,0,0,0,0,0,0,0,0,0,0,1
1.6,56.0,2.311,1.549,2.261,0.6598,1.4919,0.6851,1.0221,0.762,-0.712,0.05,35.0,1.549,0.0,0,0,1,0,0,0,0,0,0,0,0,0,0,0,0,0,0,0,0,0,0,0,0,0,0,0,0,0,0,0,0,0,0,0,0,0,1,0,0,0,0,0,0,0,0,0,0,0,0,0,0,0,0,0,0,0,0,0,0,1
1.55,48.0,2.261,1.626,2.261,0.615,1.3905,0.7192,1.0,0.635,-0.635,0.0,30.9677,1.626,7.0,0,0,0,1,0,0,0,0,0,0,0,0,0,0,0,0,0,0,0,0,0,0,0,0,0,0,0,0,0,0,0,1,0,0,0,0,0,0,0,0,0,0,0,0,0,0,0,0,0,0,0,0,0,0,0,0,0,0,0,0
1.6,53.0,2.134,1.473,2.184,0.6633,1.4487,0.6745,0.9771,0.661,-0.711,-0.05,33.125,1.473,7.0,1,0,0,0,0,0,0,0,0,0,0,0,0,0,0,0,0,0,0,0,0,0,0,0,0,0,0,0,1,0,0,0,0,0,0,0,0,0,0,0,0,0,0,0,0,0,0,0,0,0,0,0,0,0,0,0,0,0,0,1
1.6,53.0,2.464,1.676,2.388,0.6157,1.4702,0.7018,1.0318,0.788,-0.712,0.076,33.125,1.676,0.0,0,0,0,0,1,0,0,0,0,0,0,0,0,0,0,0,0,0,0,0,0,0,0,0,0,0,0,0,0,0,0,0,0,0,0,0,0,0,1,0,0,0,0,0,0,0,0,0,0,0,0,0,0,0,0,0,0,0,0,1
1.72,58.0,2.261,1.549,2.184,0.6684,1.4597,0.7092,1.0353,0.712,-0.635,0.077,33.7209,1.549,9.0,1,0,0,0,0,0,0,0,0,0,0,0,0,0,0,0,0,0,0,0,0,0,0,0,0,0,0,0,0,0,0,0,0,0,0,1,0,0,0,0,0,0,0,0,0,0,0,0,0,0,0,0,0,0,0,0,0,0,0,1
1.68,59.0,2.388,1.676,2.464,0.5782,1.4248,0.6802,0.9692,0.712,-0.788,-0.076,35.119,1.676,0.0,0,0,0,1,0,0,0,0,0,0,0,0,0,0,0,0,0,0,0,0,0,0,0,0,0,0,0,0,0,0,0,0,0,0,0,0,0,1,0,0,0,0,0,0,0,0,0,0,0,0,0,0,0,0,0,0,0,0,0,1
1.65,58.0,2.388,1.549,2.311,0.6671,1.5416,0.6703,1.0333,0.839,-0.762,0.077,35.1515,1.549,0.0,0,0,0,1,0,0,0,0,0,0,0,0,0,0,0,0,0,0,0,0,0,0,0,0,0,0,0,0,0,0,0,0,0,0,0,0,0,1,0,0,0,0,0,0,0,0,0,0,0,0,0,0,0,0,0,0,0,0,0,1
1.7,61.0,2.388,1.626,2.311,0.6355,1.4686,0.7036,1.0333,0.762,-0.685,0.077,35.8824,1.626,0.0,0,0,0,1,0,0,0,0,0,0,0,0,0,0,0,0,0,0,0,0,0,0,0,0,0,0,0,0,0,0,0,0,0,0,0,0,0,1,0,0,0,0,0,0,0,0,0,0,0,0,0,0,0,0,0,0,0,0,0,1
1.7,75.0,2.642,1.803,2.464,0.5947,1.4653,0.7317,1.0722,0.839,-0.661,0.178,44.1176,1.803,0.0,0,0,0,0,0,0,0,0,1,0,0,0,0,0,0,0,0,0,0,0,0,0,0,0,0,0,0,0,0,0,0,0,0,0,0,0,0,0,0,0,0,0,0,0,0,0,1,0,0,0,0,0,0,0,0,0,0,0,0,0
1.63,65.0,2.464,1.626,2.311,0.6557,1.5154,0.7036,1.0662,0.838,-0.685,0.153,39.8773,1.626,7.0,0,0,0,0,1,0,0,0,0,0,0,0,0,0,0,0,0,0,0,0,0,0,0,0,0,0,0,0,0,0,0,0,0,0,0,0,0,0,1,0,0,0,0,0,0,0,0,0,0,0,0,0,0,0,0,0,0,0,0,0
1.65,62.0,2.311,1.676,2.311,0.5967,1.3789,0.7252,1.0,0.635,-0.635,0.0,37.5758,1.676,7.5,0,0,1,0,0,0,0,0,0,0,0,0,0,0,0,0,0,0,0,0,0,0,0,0,0,0,0,0,0,0,0,0,0,0,0,0,1,0,0,0,0,0,0,0,0,0,0,0,0,0,0,0,0,0,0,0,0,0,0,1
1.63,53.0,2.261,1.626,2.261,0.615,1.3905,0.7192,1.0,0.635,-0.635,0.0,32.5153,1.626,8.5,1,0,0,0,0,0,0,0,0,0,0,0,0,0,0,0,0,0,0,0,0,0,0,0,0,0,0,0,0,0,0,0,0,0,0,1,0,0,0,0,0,0,0,0,0,0,0,0,0,0,0,0,0,0,0,0,0,0,0,1
1.7,57.0,2.311,1.549,2.311,0.6456,1.4919,0.6703,1.0,0.762,-0.762,0.0,33.5294,1.549,8.5,0,0,1,0,0,0,0,0,0,0,0,0,0,0,0,0,0,0,0,0,0,0,0,0,0,0,0,0,0,0,0,0,0,0,0,0,1,0,0,0,0,0,0,0,0,0,0,0,0,0,0,0,0,0,0,0,0,0,0,1
1.65,65.0,2.591,1.676,2.311,0.6689,1.5459,0.7252,1.1212,0.915,-0.635,0.28,39.3939,1.676,0.0,0,0,0,0,1,0,0,0,0,0,0,0,0,0,0,0,0,0,0,0,0,0,0,0,0,0,0,0,0,0,0,0,0,0,0,0,0,0,0,0,0,0,0,0,1,0,0,0,0,0,0,0,0,0,0,0,0,0,0,1
1.55,45.0,2.134,1.473,2.184,0.6633,1.4487,0.6745,0.9771,0.661,-0.711,-0.05,29.0323,1.473,7.0,0,1,0,0,0,0,0,0,0,0,0,0,0,0,0,0,0,0,0,0,0,0,0,0,0,0,0,0,0,1,0,0,0,0,0,0,0,0,0,0,0,0,0,0,0,0,0,0,0,0,0,0,0,0,0,0,0,0,0,1
1.6,70.0,2.515,1.803,2.464,0.5661,1.3949,0.7317,1.0207,0.712,-0.661,0.051,43.75,1.803,4.0,0,0,0,1,0,0,0,0,0,0,0,0,0,0,0,0,0,0,0,0,0,0,0,0,0,0,0,0,0,0,0,0,0,0,0,0,0,0,0,0,0,0,0,1,0,0,0,0,0,0,0,0,0,0,0,0,0,0,0,1
1.73,60.0,2.261,1.549,2.311,0.6316,1.4597,0.6703,0.9784,0.712,-0.762,-0.05,34.6821,1.549,0.0,1,0,0,0,0,0,0,0,0,0,0,0,0,0,0,0,0,0,0,0,0,0,0,0,0,0,0,0,0,0,0,0,0,0,0,1,0,0,0,0,0,0,0,0,0,0,0,0,0,0,0,0,0,0,0,0,0,0,0,1
1.63,60.0,2.311,1.676,2.388,0.5774,1.3789,0.7018,0.9678,0.635,-0.712,-0.077,36.8098,1.676,0.0,0,0,1,0,0,0,0,0,0,0,0,0,0,0,0,0,0,0,0,0,0,0,0,0,0,0,0,0,0,0,0,0,0,0,0,0,1,0,0,0,0,0,0,0,0,0,0,0,0,0,0,0,0,0,0,0,0,0,0,1
1.7,69.0,2.464,1.676,2.388,0.6157,1.4702,0.7018,1.0318,0.788,-0.712,0.076,40.5882,1.676,9.0,0,0,0,0,1,0,0,0,0,0,0,0,0,0,0,0,0,0,0,0,0,0,0,0,0,0,0,0,0,0,0,0,0,0,0,0,0,0,1,0,0,0,0,0,0,0,0,0,0,0,0,0,0,0,0,0,0,0,0,0
1.68,70.0,2.515,1.753,2.464,0.5823,1.4347,0.7114,1.0207,0.762,-0.711,0.051,41.6667,1.753,0.0,0,0,0,1,0,0,0,0,0,0,0,0,0,0,0,0,0,0,0,0,0,0,0,0,0,0,0,0,0,0,0,0,0,0,0,0,0,0,0,0,0,0,0,1,0,0,0,0,0,0,0,0,0,0,0,0,0,0,0,0
1.7,68.0,2.388,1.753,2.388,0.5704,1.3622,0.7341,1.0,0.635,-0.635,0.0,40.0,1.753,0.0,0,0,0,1,0,0,0,0,0,0,0,0,0,0,0,0,0,0,0,0,0,0,0,0,0,0,0,0,0,0,0,0,0,0,0,0,0,1,0,0,0,0,0,0,0,0,0,0,0,0,0,0,0,0,0,0,0,0,0,1
1.83,66.0,2.464,1.753,2.388,0.5886,1.4056,0.7341,1.0318,0.711,-0.635,0.076,36.0656,1.753,12.0,0,0,0,0,1,0,0,0,0,0,0,0,0,0,0,0,0,0,0,0,0,0,0,0,0,0,0,0,0,0,0,0,0,0,0,0,0,0,1,0,0,0,0,0,0,0,0,0,0,0,0,0,0,0,0,0,0,0,0,1
1.4,60.0,2.515,1.626,2.388,0.6477,1.5467,0.6809,1.0532,0.889,-0.762,0.127,42.8571,1.626,6.5,0,0,0,0,0,1,0,0,0,0,0,0,0,0,0,0,0,0,0,0,0,0,0,0,0,0,0,0,0,0,0,0,0,0,0,0,0,0,0,1,0,0,0,0,0,0,0,0,0,0,0,0,0,0,0,0,0,0,0,1
1.83,62.0,2.388,1.676,2.388,0.5966,1.4248,0.7018,1.0,0.712,-0.712,0.0,33.8798,1.676,10.0,0,0,0,1,0,0,0,0,0,0,0,0,0,0,0,0,0,0,0,0,0,0,0,0,0,0,0,0,0,0,0,0,0,0,0,0,0,1,0,0,0,0,0,0,0,0,0,0,0,0,0,0,0,0,0,0,0,0,0,1
1.55,52.0,2.464,1.626,2.388,0.6346,1.5154,0.6809,1.0318,0.838,-0.762,0.076,33.5484,1.626,5.5,0,0,0,0,1,0,0,0,0,0,0,0,0,0,0,0,0,0,0,0,0,0,0,0,0,0,0,0,0,0,0,0,0,0,0,0,0,0,1,0,0,0,0,0,0,0,0,0,0,0,0,0,0,0,0,0,0,0,0,1
1.74,68.0,2.515,1.753,2.388,0.6008,1.4347,0.7341,1.0532,0.762,-0.635,0.127,39.0805,1.753,0.0,0,0,0,1,0,0,0,0,0,0,0,0,0,0,0,0,0,0,0,0,0,0,0,0,0,0,0,0,0,0,0,0,0,0,0,0,0,0,0,0,0,0,0,1,0,0,0,0,0,0,0,0,0,0,0,0,0,0,0,1
1.75,60.0,2.311,1.626,2.311,0.615,1.4213,0.7036,1.0,0.685,-0.685,0.0,34.2857,1.626,9.0,0,0,1,0,0,0,0,0,0,0,0,0,0,0,0,0,0,0,0,0,0,0,0,0,0,0,0,0,0,0,0,0,0,0,0,0,1,0,0,0,0,0,0,0,0,0,0,0,0,0,0,0,0,0,0,0,0,0,0,1
1.72,67.0,2.311,1.676,2.311,0.5967,1.3789,0.7252,1.0,0.635,-0.635,0.0,38.9535,1.676,5.0,0,0,1,0,0,0,0,0,0,0,0,0,0,0,0,0,0,0,0,0,0,0,0,0,0,0,0,0,0,0,0,0,0,0,0,0,1,0,0,0,0,0,0,0,0,0,0,0,0,0,0,0,0,0,0,0,0,0,0,1
1.73,61.0,2.311,1.626,2.311,0.615,1.4213,0.7036,1.0,0.685,-0.685,0.0,35.2601,1.626,10.0,0,0,1,0,0,0,0,0,0,0,0,0,0,0,0,0,0,0,0,0,0,0,0,0,0,0,0,0,0,0,0,0,0,0,0,0,1,0,0,0,0,0,0,0,0,0,0,0,0,0,0,0,0,0,0,0,0,0,0,1
1.65,50.0,2.134,1.549,2.261,0.6093,1.3777,0.6851,0.9438,0.585,-0.712,-0.127,30.303,1.549,0.0,1,0,0,0,0,0,0,0,0,0,0,0,0,0,0,0,0,0,0,0,0,0,0,0,0,0,0,0,1,0,0,0,0,0,0,0,0,0,0,0,0,0,0,0,0,0,0,0,0,0,0,0,0,0,0,0,0,0,0,1
1.72,68.0,2.464,1.753,2.464,0.5705,1.4056,0.7114,1.0,0.711,-0.711,0.0,39.5349,1.753,0.0,0,0,0,0,1,0,0,0,0,0,0,0,0,0,0,0,0,0,0,0,0,0,0,0,0,0,0,0,0,0,0,0,0,0,0,0,0,0,1,0,0,0,0,0,0,0,0,0,0,0,0,0,0,0,0,0,0,0,0,1
1.6,64.0,2.388,1.803,2.464,0.5375,1.3245,0.7317,0.9692,0.585,-0.661,-0.076,40.0,1.803,8.5,1,0,0,0,0,0,0,0,0,0,0,0,0,0,0,0,0,0,0,0,0,0,0,0,0,0,0,0,0,0,0,0,0,0,0,0,0,0,0,0,0,1,0,0,0,0,0,0,0,0,0,0,0,0,0,0,0,0,0,1
1.42,48.0,2.261,1.626,2.261,0.615,1.3905,0.7192,1.0,0.635,-0.635,0.0,33.8028,1.626,5.0,0,0,0,1,0,0,0,0,0,0,0,0,0,0,0,0,0,0,0,0,0,0,0,0,0,0,0,0,0,0,0,1,0,0,0,0,0,0,0,0,0,0,0,0,0,0,0,0,0,0,0,0,0,0,0,0,0,0,0,1
1.68,57.0,2.311,1.676,2.311,0.5967,1.3789,0.7252,1.0,0.635,-0.635,0.0,33.9286,1.676,7.0,0,0,1,0,0,0,0,0,0,0,0,0,0,0,0,0,0,0,0,0,0,0,0,0,0,0,0,0,0,0,0,0,0,0,0,0,1,0,0,0,0,0,0,0,0,0,0,0,0,0,0,0,0,0,0,0,0,0,0,1
1.65,64.0,2.388,1.676,2.388,0.5966,1.4248,0.7018,1.0,0.712,-0.712,0.0,38.7879,1.676,0.0,0,0,0,1,0,0,0,0,0,0,0,0,0,0,0,0,0,0,0,0,0,0,0,0,0,0,0,0,0,0,0,0,0,0,0,0,0,1,0,0,0,0,0,0,0,0,0,0,0,0,0,0,0,0,0,0,0,0,0,1
1.63,59.0,2.311,1.626,2.388,0.5952,1.4213,0.6809,0.9678,0.685,-0.762,-0.077,36.1963,1.626,8.0,0,0,1,0,0,0,0,0,0,0,0,0,0,0,0,0,0,0,0,0,0,0,0,0,0,0,0,0,0,0,0,0,0,0,0,0,1,0,0,0,0,0,0,0,0,0,0,0,0,0,0,0,0,0,0,0,0,0,0,1
1.83,78.0,2.388,1.88,2.515,0.505,1.2702,0.7475,0.9495,0.508,-0.635,-0.127,42.623,1.88,0.0,0,0,0,1,0,0,0,0,0,0,0,0,0,0,0,0,0,0,0,0,0,0,0,0,0,0,0,0,0,0,0,0,0,0,0,0,0,1,0,0,0,0,0,0,0,0,0,0,0,0,0,0,0,0,0,0,0,0,0,0
1.65,68.0,2.591,1.93,2.464,0.5448,1.3425,0.7833,1.0515,0.661,-0.534,0.127,41.2121,1.93,7.5,0,0,0,0,1,0,0,0,0,0,0,0,0,0,0,0,0,0,0,0,0,0,0,0,0,0,0,0,0,0,0,0,0,0,0,0,0,0,0,0,0,0,0,0,1,0,0,0,0,0,0,0,0,0,0,0,0,0,0,1
1.7,55.0,2.388,1.549,2.311,0.6671,1.5416,0.6703,1.0333,0.839,-0.762,0.077,32.3529,1.549,8.0,0,0,0,1,0,0,0,0,0,0,0,0,0,0,0,0,0,0,0,0,0,0,0,0,0,0,0,0,0,0,0,0,0,0,0,0,0,1,0,0,0,0,0,0,0,0,0,0,0,0,0,0,0,0,0,0,0,0,0,1
1.65,60.0,2.311,1.676,2.464,0.5596,1.3789,0.6802,0.9379,0.635,-0.788,-0.153,36.3636,1.676,0.0,0,0,1,0,0,0,0,0,0,0,0,0,0,0,0,0,0,0,0,0,0,0,0,0,0,0,0,0,0,0,0,0,0,0,0,0,1,0,0,0,0,0,0,0,0,0,0,0,0,0,0,0,0,0,0,0,0,0,0,1
1.7,59.0,2.388,1.549,2.311,0.6671,1.5416,0.6703,1.0333,0.839,-0.762,0.077,34.7059,1.549,7.0,0,0,0,1,0,0,0,0,0,0,0,0,0,0,0,0,0,0,0,0,0,0,0,0,0,0,0,0,0,0,0,0,0,0,0,0,0,1,0,0,0,0,0,0,0,0,0,0,0,0,0,0,0,0,0,0,0,0,0,0
1.83,66.0,2.311,1.753,2.388,0.5521,1.3183,0.7341,0.9678,0.558,-0.635,-0.077,36.0656,1.753,0.0,0,0,1,0,0,0,0,0,0,0,0,0,0,0,0,0,0,0,0,0,0,0,0,0,0,0,0,0,0,0,0,0,0,0,0,0,1,0,0,0,0,0,0,0,0,0,0,0,0,0,0,0,0,0,0,0,0,0,0,1
1.75,67.0,2.464,1.803,2.515,0.5434,1.3666,0.7169,0.9797,0.661,-0.712,-0.051,38.2857,1.803,0.0,0,0,0,0,1,0,0,0,0,0,0,0,0,0,0,0,0,0,0,0,0,0,0,0,0,0,0,0,0,0,0,0,0,0,0,0,0,0,1,0,0,0,0,0,0,0,0,0,0,0,0,0,0,0,0,0,0,0,0,1
1.63,65.0,2.515,1.753,2.515,0.5705,1.4347,0.697,1.0,0.762,-0.762,0.0,39.8773,1.753,8.0,0,0,0,0,0,1,0,0,0,0,0,0,0,0,0,0,0,0,0,0,0,0,0,0,0,0,0,0,0,0,0,0,0,0,0,0,0,0,0,1,0,0,0,0,0,0,0,0,0,0,0,0,0,0,0,0,0,0,0,1
1.75,60.0,2.261,1.549,2.311,0.6316,1.4597,0.6703,0.9784,0.712,-0.762,-0.05,34.2857,1.549,8.5,0,0,0,1,0,0,0,0,0,0,0,0,0,0,0,0,0,0,0,0,0,0,0,0,0,0,0,0,0,0,0,1,0,0,0,0,0,0,0,0,0,0,0,0,0,0,0,0,0,0,0,0,0,0,0,0,0,0,0,1
1.75,64.0,2.464,1.626,2.311,0.6557,1.5154,0.7036,1.0662,0.838,-0.685,0.153,36.5714,1.626,0.0,0,0,0,0,1,0,0,0,0,0,0,0,0,0,0,0,0,0,0,0,0,0,0,0,0,0,0,0,0,0,0,0,0,0,0,0,0,0,1,0,0,0,0,0,0,0,0,0,0,0,0,0,0,0,0,0,0,0,0,1
1.65,55.0,2.311,1.524,2.184,0.6943,1.5164,0.6978,1.0582,0.787,-0.66,0.127,33.3333,1.524,8.5,0,0,0,0,1,0,0,0,0,0,0,0,0,0,0,0,0,0,0,0,0,0,0,0,0,0,0,0,0,0,0,0,1,0,0,0,0,0,0,0,0,0,0,0,0,0,0,0,0,0,0,0,0,0,0,0,0,0,0,0
1.73,61.0,2.388,1.626,2.261,0.6495,1.4686,0.7192,1.0562,0.762,-0.635,0.127,35.2601,1.626,9.0,0,0,0,1,0,0,0,0,0,0,0,0,0,0,0,0,0,0,0,0,0,0,0,0,0,0,0,0,0,0,0,0,0,0,0,0,0,1,0,0,0,0,0,0,0,0,0,0,0,0,0,0,0,0,0,0,0,0,0,1
1.68,66.0,2.388,1.676,2.388,0.5966,1.4248,0.7018,1.0,0.712,-0.712,0.0,39.2857,1.676,0.0,0,0,0,1,0,0,0,0,0,0,0,0,0,0,0,0,0,0,0,0,0,0,0,0,0,0,0,0,0,0,0,0,0,0,0,0,0,1,0,0,0,0,0,0,0,0,0,0,0,0,0,0,0,0,0,0,0,0,0,1
1.62,57.0,2.184,1.549,2.261,0.6236,1.4099,0.6851,0.9659,0.635,-0.712,-0.077,35.1852,1.549,7.0,0,0,1,0,0,0,0,0,0,0,0,0,0,0,0,0,0,0,0,0,0,0,0,0,0,0,0,0,0,0,1,0,0,0,0,0,0,0,0,0,0,0,0,0,0,0,0,0,0,0,0,0,0,0,0,0,0,0,0,1
1.78,60.0,2.184,1.626,2.261,0.5941,1.3432,0.7192,0.9659,0.558,-0.635,-0.077,33.7079,1.626,9.0,0,0,1,0,0,0,0,0,0,0,0,0,0,0,0,0,0,0,0,0,0,0,0,0,0,0,0,0,0,0,1,0,0,0,0,0,0,0,0,0,0,0,0,0,0,0,0,0,0,0,0,0,0,0,0,0,0,0,0,1
1.65,61.0,2.261,1.676,2.311,0.5837,1.349,0.7252,0.9784,0.585,-0.635,-0.05,36.9697,1.676,0.0,0,0,0,1,0,0,0,0,0,0,0,0,0,0,0,0,0,0,0,0,0,0,0,0,0,0,0,0,0,0,0,1,0,0,0,0,0,0,0,0,0,0,0,0,0,0,0,0,0,0,0,0,0,0,0,0,0,0,0,1
1.8,67.0,2.388,1.549,2.311,0.6671,1.5416,0.6703,1.0333,0.839,-0.762,0.077,37.2222,1.549,9.0,0,0,0,1,0,0,0,0,0,0,0,0,0,0,0,0,0,0,0,0,0,0,0,0,0,0,0,0,0,0,0,0,0,0,0,0,0,1,0,0,0,0,0,0,0,0,0,0,0,0,0,0,0,0,0,0,0,0,0,1
1.68,60.0,2.311,1.626,2.311,0.615,1.4213,0.7036,1.0,0.685,-0.685,0.0,35.7143,1.626,8.0,0,0,1,0,0,0,0,0,0,0,0,0,0,0,0,0,0,0,0,0,0,0,0,0,0,0,0,0,0,0,0,0,0,0,0,0,1,0,0,0,0,0,0,0,0,0,0,0,0,0,0,0,0,0,0,0,0,0,0,1
1.69,61.0,2.261,1.473,2.261,0.6789,1.535,0.6515,1.0,0.788,-0.788,0.0,36.0947,1.473,8.0,0,0,0,1,0,0,0,0,0,0,0,0,0,0,0,0,0,0,0,0,0,0,0,0,0,0,0,0,0,0,0,1,0,0,0,0,0,0,0,0,0,0,0,0,0,0,0,0,0,0,0,0,0,0,0,0,0,0,0,0
1.7,64.0,2.464,1.676,2.388,0.6157,1.4702,0.7018,1.0318,0.788,-0.712,0.076,37.6471,1.676,8.0,0,0,0,0,1,0,0,0,0,0,0,0,0,0,0,0,0,0,0,0,0,0,0,0,0,0,0,0,0,0,0,0,0,0,0,0,0,0,1,0,0,0,0,0,0,0,0,0,0,0,0,0,0,0,0,0,0,0,0,1
1.75,54.0,2.261,1.549,2.184,0.6684,1.4597,0.7092,1.0353,0.712,-0.635,0.077,30.8571,1.549,6.0,0,0,0,1,0,0,0,0,0,0,0,0,0,0,0,0,0,0,0,0,0,0,0,0,0,0,0,0,0,0,0,1,0,0,0,0,0,0,0,0,0,0,0,0,0,0,0,0,0,0,0,0,0,0,0,0,0,0,0,0
1.75,62.0,2.464,1.676,2.311,0.6362,1.4702,0.7252,1.0662,0.788,-0.635,0.153,35.4286,1.676,8.0,0,0,0,0,1,0,0,0,0,0,0,0,0,0,0,0,0,0,0,0,0,0,0,0,0,0,0,0,0,0,0,0,0,0,0,0,0,0,1,0,0,0,0,0,0,0,0,0,0,0,0,0,0,0,0,0,0,0,0,0
1.55,50.0,2.591,1.626,2.261,0.7048,1.5935,0.7192,1.146,0.965,-0.635,0.33,32.2581,1.626,6.0,0,0,0,0,1,0,0,0,0,0,0,0,0,0,0,0,0,0,0,0,0,0,0,0,0,0,0,0,0,0,0,0,0,0,0,0,0,0,0,0,0,0,0,0,1,0,0,0,0,0,0,0,0,0,0,0,0,0,0,0
1.55,50.0,2.311,1.676,2.311,0.5967,1.3789,0.7252,1.0,0.635,-0.635,0.0,32.2581,1.676,8.0,0,0,1,0,0,0,0,0,0,0,0,0,0,0,0,0,0,0,0,0,0,0,0,0,0,0,0,0,0,0,0,0,0,0,0,0,1,0,0,0,0,0,0,0,0,0,0,0,0,0,0,0,0,0,0,0,0,0,0,1
1.83,58.0,2.388,1.626,2.261,0.6495,1.4686,0.7192,1.0562,0.762,-0.635,0.127,31.694,1.626,0.0,0,0,0,1,0,0,0,0,0,0,0,0,0,0,0,0,0,0,0,0,0,0,0,0,0,0,0,0,0,0,0,0,0,0,0,0,0,1,0,0,0,0,0,0,0,0,0,0,0,0,0,0,0,0,0,0,0,0,0,1
1.55,50.0,2.388,1.676,2.311,0.6165,1.4248,0.7252,1.0333,0.712,-0.635,0.077,32.2581,1.676,0.0,0,0,0,0,1,0,0,0,0,0,0,0,0,0,0,0,0,0,0,0,0,0,0,0,0,0,0,0,0,0,0,0,1,0,0,0,0,0,0,0,0,0,0,0,0,0,0,0,0,0,0,0,0,0,0,0,0,0,0,1
1.67,55.0,2.134,1.473,2.184,0.6633,1.4487,0.6745,0.9771,0.661,-0.711,-0.05,32.9341,1.473,7.0,1,0,0,0,0,0,0,0,0,0,0,0,0,0,0,0,0,0,0,0,0,0,0,0,0,0,0,0,1,0,0,0,0,0,0,0,0,0,0,0,0,0,0,0,0,0,0,0,0,0,0,0,0,0,0,0,0,0,0,1
1.55,50.0,2.464,1.626,2.311,0.6557,1.5154,0.7036,1.0662,0.838,-0.685,0.153,32.2581,1.626,0.0,0,0,0,0,0,0,0,0,0,1,0,0,0,0,0,0,0,0,0,0,0,0,0,0,0,0,0,0,0,0,0,0,0,0,1,0,0,0,0,0,0,0,0,0,0,0,0,0,0,0,0,0,0,0,0,0,0,0,0,1
1.6,59.0,2.311,1.676,2.311,0.5967,1.3789,0.7252,1.0,0.635,-0.635,0.0,36.875,1.676,6.0,0,0,0,0,1,0,0,0,0,0,0,0,0,0,0,0,0,0,0,0,0,0,0,0,0,0,0,0,0,0,0,0,1,0,0,0,0,0,0,0,0,0,0,0,0,0,0,0,0,0,0,0,0,0,0,0,0,0,0,1
1.77,68.0,2.515,1.803,2.464,0.5661,1.3949,0.7317,1.0207,0.712,-0.661,0.051,38.4181,1.803,8.0,0,0,0,0,0,1,0,0,0,0,0,0,0,0,0,0,0,0,0,0,0,0,0,0,0,0,0,0,0,0,0,0,0,0,0,0,0,0,0,1,0,0,0,0,0,0,0,0,0,0,0,0,0,0,0,0,0,0,0,1
1.4,63.0,2.464,1.676,2.311,0.6362,1.4702,0.7252,1.0662,0.788,-0.635,0.153,45.0,1.676,0.0,0,0,0,0,1,0,0,0,0,0,0,0,0,0,0,0,0,0,0,0,0,0,0,0,0,0,0,0,0,0,0,0,0,0,0,0,0,0,1,0,0,0,0,0,0,0,0,0,0,0,0,0,0,0,0,0,0,0,0,1
1.75,58.0,2.311,1.473,2.261,0.6939,1.5689,0.6515,1.0221,0.838,-0.788,0.05,33.1429,1.473,8.0,0,0,1,0,0,0,0,0,0,0,0,0,0,0,0,0,0,0,0,0,0,0,0,0,0,0,0,0,0,0,0,0,0,0,0,0,1,0,0,0,0,0,0,0,0,0,0,0,0,0,0,0,0,0,0,0,0,0,0,1
1.55,50.0,2.388,1.626,2.184,0.6724,1.4686,0.7445,1.0934,0.762,-0.558,0.204,32.2581,1.626,0.0,0,0,0,0,0,0,0,0,0,0,0,1,0,0,0,0,0,0,0,0,0,0,0,0,0,0,0,1,0,0,0,0,0,0,0,0,0,0,0,0,0,0,0,0,0,0,0,0,0,0,0,0,0,0,0,0,0,0,0,1
1.75,64.0,2.388,1.626,2.311,0.6355,1.4686,0.7036,1.0333,0.762,-0.685,0.077,36.5714,1.626,0.0,0,0,0,1,0,0,0,0,0,0,0,0,0,0,0,0,0,0,0,0,0,0,0,0,0,0,0,0,0,0,0,0,0,0,0,0,0,1,0,0,0,0,0,0,0,0,0,0,0,0,0,0,0,0,0,0,0,0,0,1
1.7,82.0,2.845,1.93,2.464,0.5983,1.4741,0.7833,1.1546,0.915,-0.534,0.381,48.2353,1.93,0.0,0,0,0,0,0,0,0,0,0,1,0,0,0,0,0,0,0,0,0,0,0,0,0,0,0,0,0,0,0,0,0,0,0,0,0,0,0,0,0,0,0,0,0,0,0,0,0,0,0,0,0,0,0,1,0,0,0,0,0,1
1.57,52.0,2.184,1.473,2.184,0.6789,1.4827,0.6745,1.0,0.711,-0.711,0.0,33.121,1.473,6.0,0,0,1,0,0,0,0,0,0,0,0,0,0,0,0,0,0,0,0,0,0,0,0,0,0,0,0,0,0,0,1,0,0,0,0,0,0,0,0,0,0,0,0,0,0,0,0,0,0,0,0,0,0,0,0,0,0,0,0,1
1.68,61.0,2.464,1.676,2.311,0.6362,1.4702,0.7252,1.0662,0.788,-0.635,0.153,36.3095,1.676,0.0,0,0,0,0,1,0,0,0,0,0,0,0,0,0,0,0,0,0,0,0,0,0,0,0,0,0,0,0,0,0,0,0,0,0,0,0,0,0,1,0,0,0,0,0,0,0,0,0,0,0,0,0,0,0,0,0,0,0,0,1
1.68,57.0,2.388,1.676,2.311,0.6165,1.4248,0.7252,1.0333,0.712,-0.635,0.077,33.9286,1.676,7.0,0,0,0,1,0,0,0,0,0,0,0,0,0,0,0,0,0,0,0,0,0,0,0,0,0,0,0,0,0,0,0,0,0,0,0,0,0,1,0,0,0,0,0,0,0,0,0,0,0,0,0,0,0,0,0,0,0,0,0,1
1.63,52.0,2.134,1.473,2.184,0.6633,1.4487,0.6745,0.9771,0.661,-0.711,-0.05,31.9018,1.473,7.0,1,0,0,0,0,0,0,0,0,0,0,0,0,0,0,0,0,0,0,0,0,0,0,0,0,0,0,0,1,0,0,0,0,0,0,0,0,0,0,0,0,0,0,0,0,0,0,0,0,0,0,0,0,0,0,0,0,0,0,1
1.78,57.0,2.261,1.549,2.311,0.6316,1.4597,0.6703,0.9784,0.712,-0.762,-0.05,32.0225,1.549,0.0,0,0,0,1,0,0,0,0,0,0,0,0,0,0,0,0,0,0,0,0,0,0,0,0,0,0,0,0,0,0,0,1,0,0,0,0,0,0,0,0,0,0,0,0,0,0,0,0,0,0,0,0,0,0,0,0,0,0,0,1
1.63,58.0,2.184,1.549,2.311,0.6101,1.4099,0.6703,0.945,0.635,-0.762,-0.127,35.5828,1.549,0.0,0,0,1,0,0,0,0,0,0,0,0,0,0,0,0,0,0,0,0,0,0,0,0,0,0,0,0,0,0,0,1,0,0,0,0,0,0,0,0,0,0,0,0,0,0,0,0,0,0,0,0,0,0,0,0,0,0,0,0,1
1.68,52.0,2.134,1.549,2.184,0.6308,1.3777,0.7092,0.9771,0.585,-0.635,-0.05,30.9524,1.549,0.0,1,0,0,0,0,0,0,0,0,0,0,0,0,0,0,0,0,0,0,0,0,0,0,0,0,0,0,0,1,0,0,0,0,0,0,0,0,0,0,0,0,0,0,0,0,0,0,0,0,0,0,0,0,0,0,0,0,0,0,1
1.7,54.0,2.388,1.549,2.261,0.6818,1.5416,0.6851,1.0562,0.839,-0.712,0.127,31.7647,1.549,0.0,1,0,0,0,0,0,0,0,0,0,0,0,0,0,0,0,0,0,0,0,0,0,0,0,0,0,0,0,0,0,0,0,0,0,0,0,0,0,0,0,0,1,0,0,0,0,0,0,0,0,0,0,0,0,0,0,0,0,0,1
1.52,53.0,2.184,1.549,2.184,0.6456,1.4099,0.7092,1.0,0.635,-0.635,0.0,34.8684,1.549,0.0,0,0,1,0,0,0,0,0,0,0,0,0,0,0,0,0,0,0,0,0,0,0,0,0,0,0,0,0,0,0,1,0,0,0,0,0,0,0,0,0,0,0,0,0,0,0,0,0,0,0,0,0,0,0,0,0,0,0,0,1
1.6,50.0,2.057,1.473,2.184,0.6394,1.3965,0.6745,0.9418,0.584,-0.711,-0.127,31.25,1.473,0.0,0,1,0,0,0,0,0,0,0,0,0,0,0,0,0,0,0,0,0,0,0,0,0,0,0,0,0,0,0,1,0,0,0,0,0,0,0,0,0,0,0,0,0,0,0,0,0,0,0,0,0,0,0,0,0,0,0,0,0,1
1.67,62.0,2.184,1.803,2.388,0.5072,1.2113,0.755,0.9146,0.381,-0.585,-0.204,37.1257,1.803,8.0,0,0,1,0,0,0,0,0,0,0,0,0,0,0,0,0,0,0,0,0,0,0,0,0,0,0,0,0,0,0,1,0,0,0,0,0,0,0,0,0,0,0,0,0,0,0,0,0,0,0,0,0,0,0,0,0,0,0,0,1
1.68,52.0,2.184,1.626,2.184,0.615,1.3432,0.7445,1.0,0.558,-0.558,0.0,30.9524,1.626,7.0,0,0,1,0,0,0,0,0,0,0,0,0,0,0,0,0,0,0,0,0,0,0,0,0,0,0,0,0,0,0,1,0,0,0,0,0,0,0,0,0,0,0,0,0,0,0,0,0,0,0,0,0,0,0,0,0,0,0,0,1
1.65,59.0,2.311,1.626,2.261,0.6286,1.4213,0.7192,1.0221,0.685,-0.635,0.05,35.7576,1.626,8.0,0,0,0,0,1,0,0,0,0,0,0,0,0,0,0,0,0,0,0,0,0,0,0,0,0,0,0,0,0,0,0,0,1,0,0,0,0,0,0,0,0,0,0,0,0,0,0,0,0,0,0,0,0,0,0,0,0,0,0,1
1.7,61.0,2.464,1.626,2.311,0.6557,1.5154,0.7036,1.0662,0.838,-0.685,0.153,35.8824,1.626,8.0,0,0,0,0,1,0,0,0,0,0,0,0,0,0,0,0,0,0,0,0,0,0,0,0,0,0,0,0,0,0,0,0,0,0,0,0,0,0,1,0,0,0,0,0,0,0,0,0,0,0,0,0,0,0,0,0,0,0,0,0
1.68,66.0,2.388,1.753,2.388,0.5704,1.3622,0.7341,1.0,0.635,-0.635,0.0,39.2857,1.753,9.0,0,0,0,1,0,0,0,0,0,0,0,0,0,0,0,0,0,0,0,0,0,0,0,0,0,0,0,0,0,0,0,0,0,0,0,0,0,1,0,0,0,0,0,0,0,0,0,0,0,0,0,0,0,0,0,0,0,0,0,1
1.7,56.0,2.184,1.626,2.184,0.615,1.3432,0.7445,1.0,0.558,-0.558,0.0,32.9412,1.626,0.0,0,0,1,0,0,0,0,0,0,0,0,0,0,0,0,0,0,0,0,0,0,0,0,0,0,0,0,0,0,0,1,0,0,0,0,0,0,0,0,0,0,0,0,0,0,0,0,0,0,0,0,0,0,0,0,0,0,0,0,1
1.63,58.0,2.261,1.626,2.261,0.615,1.3905,0.7192,1.0,0.635,-0.635,0.0,35.5828,1.626,0.0,0,0,0,1,0,0,0,0,0,0,0,0,0,0,0,0,0,0,0,0,0,0,0,0,0,0,0,0,0,0,0,1,0,0,0,0,0,0,0,0,0,0,0,0,0,0,0,0,0,0,0,0,0,0,0,0,0,0,0,1
1.57,54.0,2.311,1.626,2.261,0.6286,1.4213,0.7192,1.0221,0.685,-0.635,0.05,34.3949,1.626,0.0,0,0,0,0,1,0,0,0,0,0,0,0,0,0,0,0,0,0,0,0,0,0,0,0,0,0,0,0,0,0,0,0,1,0,0,0,0,0,0,0,0,0,0,0,0,0,0,0,0,0,0,0,0,0,0,0,0,0,0,1
1.65,57.0,2.388,1.676,2.261,0.6302,1.4248,0.7413,1.0562,0.712,-0.585,0.127,34.5455,1.676,8.0,0,0,0,0,0,1,0,0,0,0,0,0,0,0,0,0,0,0,0,0,0,0,0,0,0,0,0,0,0,0,0,0,0,1,0,0,0,0,0,0,0,0,0,0,0,0,0,0,0,0,0,0,0,0,0,0,0,0,0,0
1.63,65.0,2.311,1.549,2.311,0.6456,1.4919,0.6703,1.0,0.762,-0.762,0.0,39.8773,1.549,8.0,0,0,1,0,0,0,0,0,0,0,0,0,0,0,0,0,0,0,0,0,0,0,0,0,0,0,0,0,0,0,0,0,0,0,0,0,1,0,0,0,0,0,0,0,0,0,0,0,0,0,0,0,0,0,0,0,0,0,0,1
1.72,57.0,2.388,1.626,2.261,0.6495,1.4686,0.7192,1.0562,0.762,-0.635,0.127,33.1395,1.626,0.0,0,0,0,1,0,0,0,0,0,0,0,0,0,0,0,0,0,0,0,0,0,0,0,0,0,0,0,0,0,0,0,0,0,0,0,0,0,1,0,0,0,0,0,0,0,0,0,0,0,0,0,0,0,0,0,0,0,0,0,1
1.57,48.0,2.184,1.473,2.184,0.6789,1.4827,0.6745,1.0,0.711,-0.711,0.0,30.5732,1.473,0.0,0,0,1,0,0,0,0,0,0,0,0,0,0,0,0,0,0,0,0,0,0,0,0,0,0,0,0,0,0,0,1,0,0,0,0,0,0,0,0,0,0,0,0,0,0,0,0,0,0,0,0,0,0,0,0,0,0,0,0,1
1.77,60.0,2.388,1.626,2.261,0.6495,1.4686,0.7192,1.0562,0.762,-0.635,0.127,33.8983,1.626,0.0,0,0,0,0,0,1,0,0,0,0,0,0,0,0,0,0,0,0,0,0,0,0,0,0,0,0,0,0,0,0,0,0,0,1,0,0,0,0,0,0,0,0,0,0,0,0,0,0,0,0,0,0,0,0,0,0,0,0,0,0
1.73,61.0,2.311,1.549,2.261,0.6598,1.4919,0.6851,1.0221,0.762,-0.712,0.05,35.2601,1.549,0.0,0,0,0,0,1,0,0,0,0,0,0,0,0,0,0,0,0,0,0,0,0,0,0,0,0,0,0,0,0,0,0,0,1,0,0,0,0,0,0,0,0,0,0,0,0,0,0,0,0,0,0,0,0,0,0,0,0,0,0,0
1.75,56.0,2.261,1.549,2.261,0.6456,1.4597,0.6851,1.0,0.712,-0.712,0.0,32.0,1.549,0.0,0,0,0,1,0,0,0,0,0,0,0,0,0,0,0,0,0,0,0,0,0,0,0,0,0,0,0,0,0,0,0,1,0,0,0,0,0,0,0,0,0,0,0,0,0,0,0,0,0,0,0,0,0,0,0,0,0,0,0,1
1.7,70.0,2.464,1.803,2.515,0.5434,1.3666,0.7169,0.9797,0.661,-0.712,-0.051,41.1765,1.803,0.0,0,0,1,0,0,0,0,0,0,0,0,0,0,0,0,0,0,0,0,0,0,0,0,0,0,0,0,0,0,0,0,0,0,0,0,0,0,0,0,0,0,0,1,0,0,0,0,0,0,0,0,0,0,0,0,0,0,0,0,1
1.52,54.0,2.261,1.626,2.311,0.6017,1.3905,0.7036,0.9784,0.635,-0.685,-0.05,35.5263,1.626,0.0,0,0,0,1,0,0,0,0,0,0,0,0,0,0,0,0,0,0,0,0,0,0,0,0,0,0,0,0,0,0,0,1,0,0,0,0,0,0,0,0,0,0,0,0,0,0,0,0,0,0,0,0,0,0,0,0,0,0,0,1
1.63,50.0,2.184,1.549,2.184,0.6456,1.4099,0.7092,1.0,0.635,-0.635,0.0,30.6748,1.549,8.0,0,0,1,0,0,0,0,0,0,0,0,0,0,0,0,0,0,0,0,0,0,0,0,0,0,0,0,0,0,0,1,0,0,0,0,0,0,0,0,0,0,0,0,0,0,0,0,0,0,0,0,0,0,0,0,0,0,0,0,1
1.62,56.0,2.515,1.626,2.311,0.6693,1.5467,0.7036,1.0883,0.889,-0.685,0.204,34.5679,1.626,9.0,0,0,0,1,0,0,0,0,0,0,0,0,0,0,0,0,0,0,0,0,0,0,0,0,0,0,0,0,0,0,0,0,0,0,0,0,0,0,0,0,0,0,0,1,0,0,0,0,0,0,0,0,0,0,0,0,0,0,0,1
1.54,59.0,2.388,1.778,2.464,0.5451,1.3431,0.7216,0.9692,0.61,-0.686,-0.076,38.3117,1.778,6.5,0,0,0,1,0,0,0,0,0,0,0,0,0,0,0,0,0,0,0,0,0,0,0,0,0,0,0,0,0,0,0,0,0,0,0,0,0,1,0,0,0,0,0,0,0,0,0,0,0,0,0,0,0,0,0,0,0,0,0,1
1.8,79.0,2.642,1.93,2.591,0.5283,1.3689,0.7449,1.0197,0.712,-0.661,0.051,43.8889,1.93,11.0,0,0,0,0,0,0,0,0,0,0,1,0,0,0,0,0,0,0,0,0,0,0,0,0,0,0,0,0,0,0,0,0,0,0,0,0,0,0,0,0,1,0,0,0,0,0,0,0,0,0,0,0,0,0,0,0,0,0,0,0
1.68,57.0,2.388,1.753,2.261,0.6025,1.3622,0.7753,1.0562,0.635,-0.508,0.127,33.9286,1.753,8.0,0,0,0,1,0,0,0,0,0,0,0,0,0,0,0,0,0,0,0,0,0,0,0,0,0,0,0,0,0,0,0,0,0,0,0,0,0,1,0,0,0,0,0,0,0,0,0,0,0,0,0,0,0,0,0,0,0,0,0,1
1.75,75.0,2.464,1.676,2.388,0.6157,1.4702,0.7018,1.0318,0.788,-0.712,0.076,42.8571,1.676,10.0,0,0,0,0,1,0,0,0,0,0,0,0,0,0,0,0,0,0,0,0,0,0,0,0,0,0,0,0,0,0,0,0,0,0,0,0,0,0,1,0,0,0,0,0,0,0,0,0,0,0,0,0,0,0,0,0,0,0,0,0
1.75,61.0,2.464,1.626,2.311,0.6557,1.5154,0.7036,1.0662,0.838,-0.685,0.153,34.8571,1.626,0.0,0,0,1,0,0,0,0,0,0,0,0,0,0,0,0,0,0,0,0,0,0,0,0,0,0,0,0,0,0,0,0,0,0,0,0,0,0,0,0,0,0,0,1,0,0,0,0,0,0,0,0,0,0,0,0,0,0,0,0,1
1.68,52.0,2.261,1.524,2.261,0.6562,1.4836,0.674,1.0,0.737,-0.737,0.0,30.9524,1.524,10.0,0,0,0,1,0,0,0,0,0,0,0,0,0,0,0,0,0,0,0,0,0,0,0,0,0,0,0,0,0,0,0,1,0,0,0,0,0,0,0,0,0,0,0,0,0,0,0,0,0,0,0,0,0,0,0,0,0,0,0,1
1.55,44.0,2.184,1.422,2.057,0.7467,1.5359,0.6913,1.0617,0.762,-0.635,0.127,28.3871,1.422,7.0,0,0,0,0,1,0,0,0,0,0,0,0,0,0,0,0,0,0,0,0,0,0,0,0,0,0,1,0,0,0,0,0,0,0,0,0,0,0,0,0,0,0,0,0,0,0,0,0,0,0,0,0,0,0,0,0,0,0,0,1
1.59,52.0,2.311,1.549,2.184,0.6831,1.4919,0.7092,1.0582,0.762,-0.635,0.127,32.7044,1.549,9.0,0,0,1,0,0,0,0,0,0,0,0,0,0,0,0,0,0,0,0,0,0,0,0,0,0,0,0,0,0,0,0,0,0,0,0,0,1,0,0,0,0,0,0,0,0,0,0,0,0,0,0,0,0,0,0,0,0,0,0,1
1.69,54.0,2.184,1.626,2.311,0.5812,1.3432,0.7036,0.945,0.558,-0.685,-0.127,31.9527,1.626,7.5,0,0,1,0,0,0,0,0,0,0,0,0,0,0,0,0,0,0,0,0,0,0,0,0,0,0,0,0,0,0,1,0,0,0,0,0,0,0,0,0,0,0,0,0,0,0,0,0,0,0,0,0,0,0,0,0,0,0,0,1
1.7,82.0,2.591,1.93,2.591,0.5181,1.3425,0.7449,1.0,0.661,-0.661,0.0,48.2353,1.93,10.5,0,0,0,0,1,0,0,0,0,0,0,0,0,0,0,0,0,0,0,0,0,0,0,0,0,0,0,0,0,0,0,0,0,0,0,0,0,0,0,0,0,0,0,0,1,0,0,0,0,0,0,0,0,0,0,0,0,0,0,1
1.68,57.0,2.464,1.473,2.184,0.7659,1.6728,0.6745,1.1282,0.991,-0.711,0.28,33.9286,1.473,5.5,0,0,0,0,0,0,0,0,0,0,0,0,1,0,0,0,0,0,0,0,0,0,0,0,1,0,0,0,0,0,0,0,0,0,0,0,0,0,0,0,0,0,0,0,0,0,0,0,0,0,0,0,0,0,0,0,0,0,0,0
1.7,58.0,2.311,1.549,2.311,0.6456,1.4919,0.6703,1.0,0.762,-0.762,0.0,34.1176,1.549,9.0,0,0,0,0,1,0,0,0,0,0,0,0,0,0,0,0,0,0,0,0,0,0,0,0,0,0,0,0,0,0,0,0,1,0,0,0,0,0,0,0,0,0,0,0,0,0,0,0,0,0,0,0,0,0,0,0,0,0,0,0
1.3,63.0,2.642,1.803,2.311,0.6341,1.4653,0.7802,1.1432,0.839,-0.508,0.331,48.4615,1.803,0.0,0,0,0,1,0,0,0,0,0,0,0,0,0,0,0,0,0,0,0,0,0,0,0,0,0,0,0,0,0,0,0,0,0,0,0,0,0,0,0,0,0,0,0,0,0,0,0,0,0,1,0,0,0,0,0,0,0,0,0,0
1.7,57.0,2.388,1.549,2.311,0.6671,1.5416,0.6703,1.0333,0.839,-0.762,0.077,33.5294,1.549,8.0,0,0,0,1,0,0,0,0,0,0,0,0,0,0,0,0,0,0,0,0,0,0,0,0,0,0,0,0,0,0,0,0,0,0,0,0,0,1,0,0,0,0,0,0,0,0,0,0,0,0,0,0,0,0,0,0,0,0,0,0
1.75,55.0,2.184,1.524,2.261,0.6338,1.4331,0.674,0.9659,0.66,-0.737,-0.077,31.4286,1.524,8.5,0,0,1,0,0,0,0,0,0,0,0,0,0,0,0,0,0,0,0,0,0,0,0,0,0,0,0,0,0,0,1,0,0,0,0,0,0,0,0,0,0,0,0,0,0,0,0,0,0,0,0,0,0,0,0,0,0,0,0,1
1.65,56.0,2.311,1.626,2.311,0.615,1.4213,0.7036,1.0,0.685,-0.685,0.0,33.9394,1.626,6.5,0,0,0,1,0,0,0,0,0,0,0,0,0,0,0,0,0,0,0,0,0,0,0,0,0,0,0,0,0,0,0,0,0,0,0,0,0,1,0,0,0,0,0,0,0,0,0,0,0,0,0,0,0,0,0,0,0,0,0,1
1.68,91.0,2.845,2.057,2.642,0.5235,1.3831,0.7786,1.0768,0.788,-0.585,0.203,54.1667,2.057,10.0,0,0,0,0,0,0,0,0,0,1,0,0,0,0,0,0,0,0,0,0,0,0,0,0,0,0,0,0,0,0,0,0,0,0,0,0,0,0,0,0,0,0,0,0,0,0,0,0,0,0,0,0,0,1,0,0,0,0,0,1
